Name,Team,player,HR,R,RBI,SB,OBP,W,SV,HLD,SO,WHIP,ERA,ADP,MinDP,MaxDP,C,1B,2B,3B,SS,INF,OF,UT,P
Ronald Acuña Jr.,ATL,Ronald Acuna Jr. (ATL),38,135,99,56,0.405,0,0,0,0,0,0,1.04,1,3,0,0,0,0,0,0,1,1,0
Juan Soto,NYY,Juan Soto (NYY),38,116,103,11,0.425,0,0,0,0,0,0,9.43,3,15,0,0,0,0,0,0,1,1,0
Aaron Judge,NYY,Aaron Judge (NYY),46,110,114,8,0.386,0,0,0,0,0,0,13.59,8,21,0,0,0,0,0,0,1,1,0
Mookie Betts,LAD,Mookie Betts (LAD),34,116,90,14,0.373,0,0,0,0,0,0,4.84,2,11,0,0,1,0,1,1,1,1,0
Yordan Alvarez,HOU,Yordan Alvarez (HOU),39,107,108,1,0.399,0,0,0,0,0,0,15.83,12,22,0,0,0,0,0,0,1,1,0
Adley Rutschman,BAL,Adley Rutschman (BAL),19,87,71,3,0.372,0,0,0,0,0,0,54.61,33,81,1,0,0,0,0,0,0,1,0
Fernando Tatis Jr.,SDP,Fernando Tatis Jr. (SDP),37,107,99,27,0.35,0,0,0,0,0,0,8.18,4,14,0,0,0,0,0,0,1,1,0
Julio Rodríguez,SEA,Julio Rodriguez (SEA),33,103,95,31,0.346,0,0,0,0,0,0,3.31,2,8,0,0,0,0,0,0,1,1,0
José Ramírez,CLE,Jose Ramirez (CLE),28,94,97,23,0.365,0,0,0,0,0,0,15.75,11,23,0,0,0,1,0,1,0,1,0
Gunnar Henderson,BAL,Gunnar Henderson (BAL),28,88,92,11,0.341,0,0,0,0,0,0,29.88,16,42,0,0,0,1,1,1,0,1,0
Kyle Tucker,HOU,Kyle Tucker (HOU),33,99,106,25,0.366,0,0,0,0,0,0,6.79,3,11,0,0,0,0,0,0,1,1,0
Corey Seager,TEX,Corey Seager (TEX),30,94,88,3,0.367,0,0,0,0,0,0,30.2,16,51,0,0,0,0,1,1,0,1,0
Bobby Witt Jr.,KCR,Bobby Witt Jr. (KCR),30,102,94,42,0.329,0,0,0,0,0,0,2.68,1,6,0,0,0,0,1,1,0,1,0
Rafael Devers,BOS,Rafael Devers (BOS),36,104,103,5,0.36,0,0,0,0,0,0,22.58,15,35,0,0,0,1,0,1,0,1,0
Corbin Carroll,ARI,Corbin Carroll (ARI),26,104,83,42,0.353,0,0,0,0,0,0,6.31,2,11,0,0,0,0,0,0,1,1,0
Matt Olson,ATL,Matt Olson (ATL),41,103,112,1,0.371,0,0,0,0,0,0,14.67,9,21,0,1,0,0,0,1,0,1,0
Freddie Freeman,LAD,Freddie Freeman (LAD),26,101,97,13,0.387,0,0,0,0,0,0,9.23,3,16,0,1,0,0,0,1,0,1,0
Alex Bregman,HOU,Alex Bregman (HOU),24,90,90,3,0.367,0,0,0,0,0,0,88.09,61,120,0,0,0,1,0,1,0,1,0
Yandy Díaz,TBR,Yandy Diaz (TBR),21,100,72,4,0.388,0,0,0,0,0,0,134.93,99,184,0,1,0,0,0,1,0,1,0
Francisco Lindor,NYM,Francisco Lindor (NYM),27,92,85,21,0.333,0,0,0,0,0,0,23.93,14,35,0,0,0,0,1,1,0,1,0
Marcus Semien,TEX,Marcus Semien (TEX),28,102,80,16,0.335,0,0,0,0,0,0,30.12,16,41,0,0,1,0,0,1,0,1,0
Michael Harris II,ATL,Michael Harris II (ATL),23,80,83,22,0.337,0,0,0,0,0,0,26.03,15,35,0,0,0,0,0,0,1,1,0
William Contreras,MIL,William Contreras (MIL),23,82,76,4,0.351,0,0,0,0,0,0,78.42,61,97,1,0,0,0,0,0,0,1,0
Shohei Ohtani,LAD,Shohei Ohtani (LAD),39,113,105,20,0.375,0,0,0,1,1.17,3.49,11.48,4,24,0,0,0,0,0,0,0,1,1
Xander Bogaerts,SDP,Xander Bogaerts (SDP),20,87,74,12,0.348,0,0,0,0,0,0,101.31,70,130,0,0,1,0,1,1,0,1,0
Bo Bichette,TOR,Bo Bichette (TOR),25,87,92,12,0.334,0,0,0,0,0,0,39.42,26,56,0,0,0,0,1,1,0,1,0
Mike Trout,LAA,Mike Trout (LAA),36,94,99,3,0.353,0,0,0,0,0,0,57.75,34,85,0,0,0,0,0,0,1,1,0
Gleyber Torres,NYY,Gleyber Torres (NYY),26,95,83,15,0.342,0,0,0,0,0,0,73.79,50,105,0,0,1,0,0,1,0,1,0
Vladimir Guerrero Jr.,TOR,Vladimir Guerrero Jr. (TOR),35,101,102,7,0.366,0,0,0,0,0,0,30.46,13,45,0,1,0,0,0,1,0,1,0
Will Smith,LAD,Will Smith (LAD),22,70,77,2,0.351,0,0,0,0,0,0,85.01,49,109,1,0,0,0,0,0,0,1,0
Jose Altuve,HOU,Jose Altuve (HOU),26,104,78,16,0.353,0,0,0,0,0,0,40.66,26,66,0,0,1,0,0,1,0,1,0
Bryce Harper,PHI,Bryce Harper (PHI),29,94,97,13,0.389,0,0,0,0,0,0,17.23,10,24,0,1,0,0,0,1,0,1,0
Austin Riley,ATL,Austin Riley (ATL),35,96,109,3,0.347,0,0,0,0,0,0,17.9,13,23,0,0,0,1,0,1,0,1,0
Manny Machado,SDP,Manny Machado (SDP),32,87,100,6,0.337,0,0,0,0,0,0,54.91,37,71,0,0,0,1,0,1,0,1,0
Ozzie Albies,ATL,Ozzie Albies (ATL),29,99,93,13,0.333,0,0,0,0,0,0,23.41,15,34,0,0,1,0,0,1,0,1,0
Brandon Nimmo,NYM,Brandon Nimmo (NYM),20,97,68,6,0.364,0,0,0,0,0,0,193.47,155,250,0,0,0,0,0,0,1,1,0
Trea Turner,PHI,Trea Turner (PHI),22,94,83,25,0.332,0,0,0,0,0,0,12.66,8,19,0,0,0,0,1,1,0,1,0
Ketel Marte,ARI,Ketel Marte (ARI),21,95,82,7,0.352,0,0,0,0,0,0,113.74,84,150,0,0,1,0,0,1,0,1,0
Royce Lewis,MIN,Royce Lewis (MIN),28,78,90,12,0.336,0,0,0,0,0,0,48.18,31,70,0,0,0,1,0,1,0,1,0
Cal Raleigh,SEA,Cal Raleigh (SEA),28,67,78,1,0.304,0,0,0,0,0,0,143.03,108,185,1,0,0,0,0,0,0,1,0
Andrés Giménez,CLE,Andres Gimenez (CLE),19,83,76,27,0.328,0,0,0,0,0,0,104.31,82,133,0,0,1,0,0,1,0,1,0
Francisco Alvarez,NYM,Francisco Alvarez (NYM),25,59,66,3,0.316,0,0,0,0,0,0,147.73,102,186,1,0,0,0,0,0,0,1,0
J.P. Crawford,SEA,J.P. Crawford (SEA),14,86,60,4,0.355,0,0,0,0,0,0,318.47,190,360,0,0,0,0,1,1,0,1,0
Isaac Paredes,TBR,Isaac Paredes (TBR),27,74,81,1,0.344,0,0,0,0,0,0,191.6,96,266,0,1,0,1,0,1,0,1,0
Carlos Correa,MIN,Carlos Correa (MIN),21,78,77,1,0.344,0,0,0,0,0,0,245.39,121,323,0,0,0,0,1,1,0,1,0
Luis Robert Jr.,CHW,Luis Robert Jr. (CHW),33,86,98,19,0.318,0,0,0,0,0,0,32.72,20,57,0,0,0,0,0,0,1,1,0
Jung Hoo Lee,SFG,Jung Hoo Lee (SFG),12,84,57,9,0.354,0,0,0,0,0,0,230.91,124,301,0,0,0,0,0,0,1,1,0
Nolan Arenado,STL,Nolan Arenado (STL),28,83,98,4,0.323,0,0,0,0,0,0,105.81,52,140,0,0,0,1,0,1,0,1,0
Pete Alonso,NYM,Pete Alonso (NYM),42,94,110,4,0.34,0,0,0,0,0,0,24.84,15,35,0,1,0,0,0,1,0,1,0
Oneil Cruz,PIT,Oneil Cruz (PIT),26,89,72,22,0.328,0,0,0,0,0,0,48.14,13,83,0,0,0,0,1,1,0,1,0
Jonah Heim,TEX,Jonah Heim (TEX),17,56,61,3,0.31,0,0,0,0,0,0,177.97,140,226,1,0,0,0,0,0,0,1,0
Luis Arraez,MIA,Luis Arraez (MIA),9,82,59,5,0.372,0,0,0,0,0,0,164.61,110,238,0,0,1,0,0,1,0,1,0
Alejandro Kirk,TOR,Alejandro Kirk (TOR),11,43,43,1,0.359,0,0,0,0,0,0,255.55,180,351,1,0,0,0,0,0,0,1,0
Sean Murphy,ATL,Sean Murphy (ATL),17,52,55,1,0.341,0,0,0,0,0,0,146.67,115,183,1,0,0,0,0,0,0,1,0
Willy Adames,MIL,Willy Adames (MIL),26,79,83,7,0.32,0,0,0,0,0,0,186.36,130,232,0,0,0,0,1,1,0,1,0
Paul Goldschmidt,STL,Paul Goldschmidt (STL),28,97,88,8,0.361,0,0,0,0,0,0,82.92,41,119,0,1,0,0,0,1,0,1,0
Nico Hoerner,CHC,Nico Hoerner (CHC),11,74,65,29,0.342,0,0,0,0,0,0,65.19,37,92,0,0,1,0,1,1,0,1,0
Gabriel Moreno,ARI,Gabriel Moreno (ARI),11,55,55,7,0.348,0,0,0,0,0,0,161.74,129,221,1,0,0,0,0,0,0,1,0
Riley Greene,DET,Riley Greene (DET),18,84,71,8,0.343,0,0,0,0,0,0,147.78,102,178,0,0,0,0,0,0,1,1,0
CJ Abrams,WSN,CJ Abrams (WSN),17,80,64,35,0.311,0,0,0,0,0,0,33.75,19,50,0,0,0,0,1,1,0,1,0
Triston Casas,BOS,Triston Casas (BOS),28,84,89,2,0.371,0,0,0,0,0,0,89.07,64,118,0,1,0,0,0,1,0,1,0
Steven Kwan,CLE,Steven Kwan (CLE),9,92,59,20,0.357,0,0,0,0,0,0,213.61,133,291,0,0,0,0,0,0,1,1,0
Randy Arozarena,TBR,Randy Arozarena (TBR),24,85,86,24,0.346,0,0,0,0,0,0,43.72,26,59,0,0,0,0,0,0,1,1,0
Ian Happ,CHC,Ian Happ (CHC),22,89,75,12,0.346,0,0,0,0,0,0,178.95,131,226,0,0,0,0,0,0,1,1,0
Dansby Swanson,CHC,Dansby Swanson (CHC),22,77,77,10,0.319,0,0,0,0,0,0,127.94,90,186,0,0,0,0,1,1,0,1,0
George Springer,TOR,George Springer (TOR),27,94,75,16,0.332,0,0,0,0,0,0,121.22,75,147,0,0,0,0,0,0,1,1,0
Brandon Lowe,TBR,Brandon Lowe (TBR),23,72,67,5,0.329,0,0,0,0,0,0,282.95,210,360,0,0,1,0,0,1,0,1,0
Jeff McNeil,NYM,Jeff McNeil (NYM),11,69,71,5,0.347,0,0,0,0,0,0,329.13,205,359,0,0,1,0,0,1,1,1,0
Anthony Volpe,NYY,Anthony Volpe (NYY),20,69,70,22,0.306,0,0,0,0,0,0,119.59,87,142,0,0,0,0,1,1,0,1,0
Christian Yelich,MIL,Christian Yelich (MIL),20,89,76,21,0.363,0,0,0,0,0,0,74.86,51,95,0,0,0,0,0,0,1,1,0
Bryan Reynolds,PIT,Bryan Reynolds (PIT),25,94,84,9,0.346,0,0,0,0,0,0,91.48,70,142,0,0,0,0,0,0,1,1,0
Daulton Varsho,TOR,Daulton Varsho (TOR),25,72,77,16,0.308,0,0,0,0,0,0,197.59,154,257,0,0,0,0,0,0,1,1,0
Patrick Bailey,SFG,Patrick Bailey (SFG),9,38,39,2,0.294,0,0,0,0,0,0,358.84,294,356,1,0,0,0,0,0,0,1,0
Ha-Seong Kim,SDP,Ha-Seong Kim (SDP),15,70,63,24,0.329,0,0,0,0,0,0,87.64,56,127,0,0,1,1,1,1,0,1,0
Anthony Rendon,LAA,Anthony Rendon (LAA),18,82,62,7,0.353,0,0,0,0,0,0,359.95,301,360,0,0,0,1,0,1,0,1,0
J.T. Realmuto,PHI,J.T. Realmuto (PHI),18,62,68,14,0.318,0,0,0,0,0,0,76.63,56,102,1,0,0,0,0,0,0,1,0
Matt Chapman,SFG,Matt Chapman (SFG),22,71,76,4,0.321,0,0,0,0,0,0,280.53,192,359,0,0,0,1,0,1,0,1,0
Vinnie Pasquantino,KCR,Vinnie Pasquantino (KCR),25,81,85,2,0.362,0,0,0,0,0,0,168.6,132,230,0,1,0,0,0,1,0,1,0
Edouard Julien,MIN,Edouard Julien (MIN),16,74,51,6,0.357,0,0,0,0,0,0,208.45,141,276,0,0,1,0,0,1,0,1,0
Lars Nootbaar,STL,Lars Nootbaar (STL),17,68,58,8,0.359,0,0,0,0,0,0,288.29,182,360,0,0,0,0,0,0,1,1,0
Ke'Bryan Hayes,PIT,Ke'Bryan Hayes (PIT),17,75,75,17,0.323,0,0,0,0,0,0,148.18,115,201,0,0,0,1,0,1,0,1,0
Jeremy Peña,HOU,Jeremy Pena (HOU),18,72,72,13,0.316,0,0,0,0,0,0,236.24,138,318,0,0,0,0,1,1,0,1,0
Cedric Mullins,BAL,Cedric Mullins (BAL),19,85,65,30,0.319,0,0,0,0,0,0,148.14,115,190,0,0,0,0,0,0,1,1,0
Zack Gelof,OAK,Zack Gelof (OAK),21,78,68,20,0.309,0,0,0,0,0,0,125.98,93,168,0,0,1,0,0,1,0,1,0
Nolan Gorman,STL,Nolan Gorman (STL),28,70,80,6,0.324,0,0,0,0,0,0,179.6,136,226,0,0,1,0,0,1,0,1,0
Byron Buxton,MIN,Byron Buxton (MIN),29,78,76,10,0.307,0,0,0,0,0,0,195.03,101,279,0,0,0,0,0,0,0,1,0
Jorge Polanco,SEA,Jorge Polanco (SEA),22,74,76,6,0.326,0,0,0,0,0,0,242.91,158,328,0,0,1,0,0,1,0,1,0
Bryson Stott,PHI,Bryson Stott (PHI),14,66,65,18,0.327,0,0,0,0,0,0,110.72,55,174,0,0,1,0,0,1,0,1,0
Willson Contreras,STL,Willson Contreras (STL),21,64,67,5,0.343,0,0,0,0,0,0,142.59,111,167,1,0,0,0,0,0,0,1,0
Kyle Schwarber,PHI,Kyle Schwarber (PHI),41,106,91,6,0.35,0,0,0,0,0,0,85.23,48,143,0,0,0,0,0,0,1,1,0
Zach Neto,LAA,Zach Neto (LAA),18,67,64,10,0.318,0,0,0,0,0,0,300.68,224,360,0,0,0,0,1,1,0,1,0
Cody Bellinger,CHC,Cody Bellinger (CHC),25,78,85,18,0.323,0,0,0,0,0,0,59.55,23,88,0,1,0,0,0,1,1,1,0
Sal Frelick,MIL,Sal Frelick (MIL),10,76,53,15,0.344,0,0,0,0,0,0,275.3,215,358,0,0,0,0,0,0,1,1,0
Josh Jung,TEX,Josh Jung (TEX),26,73,84,4,0.305,0,0,0,0,0,0,137.35,96,214,0,0,0,1,0,1,0,1,0
Yoán Moncada,CHW,Yoan Moncada (CHW),18,75,67,3,0.324,0,0,0,0,0,0,354.68,267,359,0,0,0,1,0,1,0,1,0
Yainer Diaz,HOU,Yainer Diaz (HOU),21,54,63,1,0.312,0,0,0,0,0,0,106.92,85,150,1,0,0,0,0,0,0,1,0
Taylor Ward,LAA,Taylor Ward (LAA),21,76,77,6,0.346,0,0,0,0,0,0,221.23,163,295,0,0,0,0,0,0,1,1,0
Wyatt Langford,TEX,Wyatt Langford (TEX),23,73,74,12,0.355,0,0,0,0,0,0,77.93,41,157,0,0,0,0,0,0,1,1,0
Seiya Suzuki,CHC,Seiya Suzuki (CHC),23,81,77,9,0.346,0,0,0,0,0,0,96.76,56,132,0,0,0,0,0,0,1,1,0
Christian Walker,ARI,Christian Walker (ARI),29,84,96,6,0.334,0,0,0,0,0,0,94.09,62,138,0,1,0,0,0,1,0,1,0
Bo Naylor,CLE,Bo Naylor (CLE),14,44,45,5,0.337,0,0,0,0,0,0,175.46,146,240,1,0,0,0,0,0,0,1,0
Jazz Chisholm Jr.,MIA,Jazz Chisholm Jr. (MIA),27,76,83,27,0.31,0,0,0,0,0,0,54.7,34,74,0,0,0,0,0,0,1,1,0
Max Kepler,MIN,Max Kepler (MIN),21,69,73,4,0.332,0,0,0,0,0,0,290.34,225,360,0,0,0,0,0,0,1,1,0
Josh Naylor,CLE,Josh Naylor (CLE),23,74,86,8,0.344,0,0,0,0,0,0,132.53,102,178,0,1,0,0,0,1,0,1,0
Brendan Donovan,STL,Brendan Donovan (STL),13,75,54,7,0.369,0,0,0,0,0,0,297.77,233,360,0,0,1,0,0,1,1,1,0
Evan Carter,TEX,Evan Carter (TEX),16,71,68,15,0.348,0,0,0,0,0,0,107.21,66,193,0,0,0,0,0,0,1,1,0
Alec Bohm,PHI,Alec Bohm (PHI),18,68,72,4,0.332,0,0,0,0,0,0,166.6,123,251,0,1,0,1,0,1,0,1,0
Nolan Jones,COL,Nolan Jones (COL),24,81,83,16,0.355,0,0,0,0,0,0,55.99,28,84,0,0,0,0,0,0,1,1,0
Adolis García,TEX,Adolis Garcia (TEX),30,79,93,12,0.308,0,0,0,0,0,0,43.34,21,77,0,0,0,0,0,0,1,1,0
Anthony Santander,BAL,Anthony Santander (BAL),29,82,94,3,0.321,0,0,0,0,0,0,142.16,97,186,0,0,0,0,0,0,1,1,0
Jake Burger,MIA,Jake Burger (MIA),29,78,90,2,0.309,0,0,0,0,0,0,146.43,115,191,0,0,0,1,0,1,0,1,0
Elly De La Cruz,CIN,Elly De La Cruz (CIN),24,84,76,34,0.311,0,0,0,0,0,0,21.4,12,33,0,0,0,1,1,1,0,1,0
Thairo Estrada,SFG,Thairo Estrada (SFG),16,65,65,21,0.313,0,0,0,0,0,0,137.76,99,176,0,0,1,0,1,1,0,1,0
Max Muncy,LAD,Max Muncy (LAD),25,70,73,2,0.344,0,0,0,0,0,0,187.3,123,246,0,0,0,1,0,1,0,1,0
Vaughn Grissom,BOS,Vaughn Grissom (BOS),9,53,50,8,0.354,0,0,0,0,0,0,319.93,231,359,0,0,0,0,1,1,0,1,0
J.D. Davis,OAK,J.D. Davis (OAK),16,56,57,2,0.327,0,0,0,0,0,0,359.65,271,360,0,0,0,1,0,1,0,1,0
Jack Suwinski,PIT,Jack Suwinski (PIT),24,65,70,9,0.331,0,0,0,0,0,0,233.97,184,305,0,0,0,0,0,0,1,1,0
James Outman,LAD,James Outman (LAD),18,58,60,9,0.322,0,0,0,0,0,0,179.46,124,238,0,0,0,0,0,0,1,1,0
Jake Cronenworth,SDP,Jake Cronenworth (SDP),15,71,70,5,0.331,0,0,0,0,0,0,316.37,231,360,0,1,1,0,0,1,0,1,0
Alek Thomas,ARI,Alek Thomas (ARI),13,57,59,9,0.315,0,0,0,0,0,0,346.82,242,359,0,0,0,0,0,0,1,1,0
Jackson Holliday,BAL,Jackson Holliday (BAL),7,49,42,7,0.349,0,0,0,0,0,0,185.07,99,340,0,0,0,0,1,1,0,1,0
Nathaniel Lowe,TEX,Nathaniel Lowe (TEX),20,75,77,2,0.355,0,0,0,0,0,0,296.64,168,359,0,1,0,0,0,1,0,1,0
Eloy Jiménez,CHW,Eloy Jimenez (CHW),29,76,92,1,0.334,0,0,0,0,0,0,214.1,155,275,0,0,0,0,0,0,0,1,0
Jonathan India,CIN,Jonathan India (CIN),20,85,64,13,0.346,0,0,0,0,0,0,247.98,152,356,0,0,1,0,0,1,0,1,0
Josh Lowe,TBR,Josh Lowe (TBR),16,58,58,20,0.323,0,0,0,0,0,0,131.72,58,234,0,0,0,0,0,0,1,1,0
Ty France,SEA,Ty France (SEA),17,71,69,1,0.341,0,0,0,0,0,0,344.41,244,359,0,1,0,0,0,1,0,1,0
Rhys Hoskins,MIL,Rhys Hoskins (MIL),31,85,92,3,0.332,0,0,0,0,0,0,187.72,143,241,0,1,0,0,0,1,0,1,0
Maikel Garcia,KCR,Maikel Garcia (KCR),8,71,48,22,0.334,0,0,0,0,0,0,194.43,135,266,0,0,0,1,0,1,0,1,0
Henry Davis,PIT,Henry Davis (PIT),15,54,55,9,0.338,0,0,0,0,0,0,203.01,149,335,1,0,0,0,0,0,1,1,0
DJ LeMahieu,NYY,DJ LeMahieu (NYY),13,66,54,4,0.341,0,0,0,0,0,0,347.35,257,359,0,1,0,1,0,1,0,1,0
Leody Taveras,TEX,Leody Taveras (TEX),13,58,56,15,0.317,0,0,0,0,0,0,305.41,207,359,0,0,0,0,0,0,1,1,0
Luis Rengifo,LAA,Luis Rengifo (LAA),16,59,59,8,0.32,0,0,0,0,0,0,254.82,158,343,0,0,1,1,1,1,1,1,0
Chas McCormick,HOU,Chas McCormick (HOU),18,59,61,13,0.325,0,0,0,0,0,0,149.9,102,182,0,0,0,0,0,0,1,1,0
Gavin Lux,LAD,Gavin Lux (LAD),10,53,47,8,0.342,0,0,0,0,0,0,286.15,155,360,0,0,1,0,0,1,1,1,0
Jordan Westburg,BAL,Jordan Westburg (BAL),11,45,44,5,0.323,0,0,0,0,0,0,308.7,183,360,0,0,1,1,0,1,0,1,0
Jorge Soler,SFG,Jorge Soler (SFG),33,89,86,2,0.332,0,0,0,0,0,0,164.77,109,234,0,0,0,0,0,0,1,1,0
Trevor Story,BOS,Trevor Story (BOS),21,75,78,23,0.304,0,0,0,0,0,0,165.18,108,224,0,0,0,0,1,1,0,1,0
Colt Keith,DET,Colt Keith (DET),14,52,54,3,0.326,0,0,0,0,0,0,291.82,211,354,0,0,1,1,0,1,0,1,0
Ryan Mountcastle,BAL,Ryan Mountcastle (BAL),24,69,77,4,0.326,0,0,0,0,0,0,256.06,181,331,0,1,0,0,0,1,0,1,0
Spencer Torkelson,DET,Spencer Torkelson (DET),30,83,90,3,0.332,0,0,0,0,0,0,121.16,61,168,0,1,0,0,0,1,0,1,0
Logan O'Hoppe,LAA,Logan O'Hoppe (LAA),22,57,64,3,0.329,0,0,0,0,0,0,156.93,121,199,1,0,0,0,0,0,0,1,0
Parker Meadows,DET,Parker Meadows (DET),15,70,52,13,0.309,0,0,0,0,0,0,243.36,173,320,0,0,0,0,0,0,1,1,0
Davis Schneider,TOR,Davis Schneider (TOR),13,46,45,4,0.339,0,0,0,0,0,0,357.95,274,357,0,0,1,0,0,1,0,1,0
Christopher Morel,CHC,Christopher Morel (CHC),25,67,75,10,0.314,0,0,0,0,0,0,175.45,123,212,0,0,0,0,0,0,1,1,0
Jose Siri,TBR,Jose Siri (TBR),21,56,63,17,0.276,0,0,0,0,0,0,289.37,220,359,0,0,0,0,0,0,1,1,0
Brendan Rodgers,COL,Brendan Rodgers (COL),16,68,75,1,0.332,0,0,0,0,0,0,346.42,275,360,0,0,1,0,0,1,0,1,0
Luis Campusano,SDP,Luis Campusano (SDP),16,52,58,2,0.322,0,0,0,0,0,0,196.4,161,252,1,0,0,0,0,0,0,1,0
Masataka Yoshida,BOS,Masataka Yoshida (BOS),17,69,70,5,0.362,0,0,0,0,0,0,190.01,141,257,0,0,0,0,0,0,1,1,0
Ryan Jeffers,MIN,Ryan Jeffers (MIN),13,40,42,3,0.317,0,0,0,0,0,0,263.26,165,357,1,0,0,0,0,0,0,1,0
Austin Hays,BAL,Austin Hays (BAL),16,58,63,4,0.313,0,0,0,0,0,0,342.41,198,360,0,0,0,0,0,0,1,1,0
Geraldo Perdomo,ARI,Geraldo Perdomo (ARI),6,48,38,12,0.338,0,0,0,0,0,0,360.33,321,359,0,0,1,0,1,1,0,1,0
Tyler O'Neill,BOS,Tyler O'Neill (BOS),22,68,72,12,0.327,0,0,0,0,0,0,209.55,161,283,0,0,0,0,0,0,1,1,0
Andrew Vaughn,CHW,Andrew Vaughn (CHW),25,74,81,1,0.323,0,0,0,0,0,0,250.16,198,331,0,1,0,0,0,1,0,1,0
Teoscar Hernández,LAD,Teoscar Hernandez (LAD),28,73,85,7,0.307,0,0,0,0,0,0,110.06,76,144,0,0,0,0,0,0,1,1,0
Eugenio Suárez,ARI,Eugenio Suarez (ARI),21,67,71,2,0.322,0,0,0,0,0,0,299.68,195,357,0,0,0,1,0,1,0,1,0
Harrison Bader,NYM,Harrison Bader (NYM),12,47,46,17,0.3,0,0,0,0,0,0,346.29,264,360,0,0,0,0,0,0,1,1,0
Brett Baty,NYM,Brett Baty (NYM),15,49,51,3,0.319,0,0,0,0,0,0,354.05,246,360,0,0,0,1,0,1,0,1,0
Nolan Schanuel,LAA,Nolan Schanuel (LAA),13,59,53,3,0.365,0,0,0,0,0,0,354.02,235,357,0,1,0,0,0,1,0,1,0
Austin Wells,NYY,Austin Wells (NYY),12,37,39,3,0.306,0,0,0,0,0,0,329.06,225,360,1,0,0,0,0,0,0,1,0
Brandon Marsh,PHI,Brandon Marsh (PHI),12,58,55,10,0.33,0,0,0,0,0,0,356.01,256,360,0,0,0,0,0,0,1,1,0
Christian Encarnacion-Strand,CIN,Christian Encarnacion-Strand (CIN),27,67,79,3,0.329,0,0,0,0,0,0,126.06,74,199,0,1,0,0,0,1,0,1,0
Matt McLain,CIN,Matt McLain (CIN),11,41,38,9,0.335,0,0,0,0,0,0,185.99,37,358,0,0,1,0,1,1,0,1,0
Ryan McMahon,COL,Ryan McMahon (COL),21,69,72,7,0.327,0,0,0,0,0,0,241.16,177,294,0,0,1,1,0,1,0,1,0
Danny Jansen,TOR,Danny Jansen (TOR),13,33,37,1,0.313,0,0,0,0,0,0,346.64,226,360,1,0,0,0,0,0,0,1,0
Tommy Edman,STL,Tommy Edman (STL),9,52,42,20,0.32,0,0,0,0,0,0,269.8,137,356,0,0,1,0,1,1,1,1,0
Alex Verdugo,NYY,Alex Verdugo (NYY),12,56,54,4,0.327,0,0,0,0,0,0,323.33,238,360,0,0,0,0,0,0,1,1,0
Ryan Noda,OAK,Ryan Noda (OAK),20,76,57,6,0.338,0,0,0,0,0,0,359.91,286,346,0,1,0,0,0,1,0,1,0
Jake Rogers,DET,Jake Rogers (DET),14,37,39,3,0.28,0,0,0,0,0,0,350.41,274,360,1,0,0,0,0,0,0,1,0
Mitch Garver,SEA,Mitch Garver (SEA),24,64,72,1,0.328,0,0,0,0,0,0,173.27,107,230,1,0,0,0,0,0,0,1,0
René Pinto,TBR,Rene Pinto (TBR),12,37,40,3,0.272,0,0,0,0,0,0,357.12,254,360,1,0,0,0,0,0,0,1,0
Masyn Winn,STL,Masyn Winn (STL),10,49,46,10,0.308,0,0,0,0,0,0,350.64,277,360,0,0,0,0,1,1,0,1,0
Tim Anderson,MIA,Tim Anderson (MIA),8,63,56,14,0.321,0,0,0,0,0,0,324.56,224,360,0,0,0,0,1,1,0,1,0
Luis García Jr.,WSN,Luis Garcia Jr. (WSN),11,49,48,7,0.323,0,0,0,0,0,0,360.86,348,349,0,0,1,0,0,1,0,1,0
Orlando Arcia,ATL,Orlando Arcia (ATL),16,60,62,2,0.317,0,0,0,0,0,0,352.66,284,360,0,0,0,0,1,1,0,1,0
Andrew Benintendi,CHW,Andrew Benintendi (CHW),12,76,55,12,0.338,0,0,0,0,0,0,357.27,312,358,0,0,0,0,0,0,1,1,0
Lourdes Gurriel Jr.,ARI,Lourdes Gurriel Jr. (ARI),17,66,72,4,0.327,0,0,0,0,0,0,231.04,191,287,0,0,0,0,0,0,1,1,0
Keibert Ruiz,WSN,Keibert Ruiz (WSN),16,52,57,3,0.326,0,0,0,0,0,0,181.76,150,237,1,0,0,0,0,0,0,1,0
Brayan Rocchio,CLE,Brayan Rocchio (CLE),6,42,38,8,0.318,0,0,0,0,0,0,360.6,330,356,0,0,0,0,1,1,0,1,0
TJ Friedl,CIN,TJ Friedl (CIN),12,53,44,14,0.333,0,0,0,0,0,0,262.9,126,360,0,0,0,0,0,0,1,1,0
Anthony Rizzo,NYY,Anthony Rizzo (NYY),24,72,78,5,0.334,0,0,0,0,0,0,236.99,169,336,0,1,0,0,0,1,0,1,0
Jeimer Candelario,CIN,Jeimer Candelario (CIN),21,70,75,4,0.326,0,0,0,0,0,0,203.85,157,252,0,1,0,1,0,1,0,1,0
Lane Thomas,WSN,Lane Thomas (WSN),24,83,75,15,0.311,0,0,0,0,0,0,108.93,80,140,0,0,0,0,0,0,1,1,0
Jackson Merrill,SDP,Jackson Merrill (SDP),11,52,51,8,0.306,0,0,0,0,0,0,270.46,181,359,0,0,0,0,1,1,1,1,0
LaMonte Wade Jr.,SFG,LaMonte Wade Jr. (SFG),17,62,57,3,0.348,0,0,0,0,0,0,359.86,315,356,0,1,0,0,0,1,1,1,0
Spencer Steer,CIN,Spencer Steer (CIN),20,72,75,8,0.335,0,0,0,0,0,0,101.05,52,145,0,1,0,1,0,1,1,1,0
Mark Canha,DET,Mark Canha (DET),13,59,57,7,0.353,0,0,0,0,0,0,359.94,310,345,0,0,0,0,0,0,1,1,0
Christian Vázquez,MIN,Christian Vazquez (MIN),6,30,30,2,0.299,0,0,0,0,0,0,360.9,343,343,1,0,0,0,0,0,0,1,0
Travis d'Arnaud,ATL,Travis d'Arnaud (ATL),12,40,44,1,0.304,0,0,0,0,0,0,359.56,231,359,1,0,0,0,0,0,0,1,0
Jordan Walker,STL,Jordan Walker (STL),18,63,68,9,0.335,0,0,0,0,0,0,116.47,73,216,0,0,0,0,0,0,1,1,0
Iván Herrera,STL,Ivan Herrera (STL),5,22,20,2,0.358,0,0,0,0,0,0,360.4,302,357,1,0,0,0,0,0,0,1,0
MJ Melendez,KCR,MJ Melendez (KCR),21,71,71,6,0.332,0,0,0,0,0,0,279.78,233,357,0,0,0,0,0,0,1,1,0
Brandon Drury,LAA,Brandon Drury (LAA),24,69,78,3,0.3,0,0,0,0,0,0,223.31,169,293,0,1,1,0,0,1,0,1,0
Amed Rosario,TBR,Amed Rosario (TBR),6,40,36,8,0.311,0,0,0,0,0,0,346.36,222,358,0,0,1,0,1,1,0,1,0
Dylan Carlson,STL,Dylan Carlson (STL),7,34,31,3,0.342,0,0,0,0,0,0,360.4,301,360,0,0,0,0,0,0,1,1,0
Kevin Kiermaier,TOR,Kevin Kiermaier (TOR),9,43,43,10,0.304,0,0,0,0,0,0,360.82,329,329,0,0,0,0,0,0,1,1,0
Marcell Ozuna,ATL,Marcell Ozuna (ATL),30,77,88,1,0.323,0,0,0,0,0,0,150.57,110,211,0,0,0,0,0,0,0,1,0
Kyle Isbel,KCR,Kyle Isbel (KCR),10,48,46,12,0.31,0,0,0,0,0,0,360.39,278,337,0,0,0,0,0,0,1,1,0
Josh Bell,MIA,Josh Bell (MIA),23,82,78,1,0.345,0,0,0,0,0,0,323.67,256,360,0,1,0,0,0,1,0,1,0
Wilmer Flores,SFG,Wilmer Flores (SFG),16,52,53,1,0.334,0,0,0,0,0,0,356.04,289,358,0,1,0,1,0,1,0,1,0
Jarren Duran,BOS,Jarren Duran (BOS),14,73,55,24,0.323,0,0,0,0,0,0,135.09,99,170,0,0,0,0,0,0,1,1,0
Joey Ortiz,MIL,Joey Ortiz (MIL),7,35,34,5,0.32,0,0,0,0,0,0,360.68,341,360,0,0,1,1,0,1,0,1,0
Brice Turang,MIL,Brice Turang (MIL),9,47,44,16,0.32,0,0,0,0,0,0,330.43,226,360,0,0,1,0,1,1,0,1,0
Michael Conforto,SFG,Michael Conforto (SFG),16,60,60,3,0.342,0,0,0,0,0,0,360.34,315,360,0,0,0,0,0,0,1,1,0
Esteury Ruiz,OAK,Esteury Ruiz (OAK),8,55,39,44,0.314,0,0,0,0,0,0,125.93,71,235,0,0,0,0,0,0,1,1,0
Shea Langeliers,OAK,Shea Langeliers (OAK),16,42,48,3,0.29,0,0,0,0,0,0,280.17,178,355,1,0,0,0,0,0,0,1,0
Salvador Perez,KCR,Salvador Perez (KCR),27,69,85,1,0.301,0,0,0,0,0,0,132.71,79,182,1,1,0,0,0,1,0,1,0
Joc Pederson,ARI,Joc Pederson (ARI),19,60,63,2,0.343,0,0,0,0,0,0,360.17,313,355,0,0,0,0,0,0,1,1,0
Trent Grisham,NYY,Trent Grisham (NYY),9,32,29,6,0.323,0,0,0,0,0,0,360.92,347,347,0,0,0,0,0,0,1,1,0
Ceddanne Rafaela,BOS,Ceddanne Rafaela (BOS),15,56,61,17,0.297,0,0,0,0,0,0,274.73,182,360,0,0,0,0,0,0,1,1,0
Freddy Fermin,KCR,Freddy Fermin (KCR),7,23,24,1,0.319,0,0,0,0,0,0,360.47,318,360,1,0,0,0,0,0,0,1,0
Isiah Kiner-Falefa,TOR,Isiah Kiner-Falefa (TOR),6,42,40,15,0.316,0,0,0,0,0,0,360.36,324,341,0,0,0,1,0,1,1,1,0
Starling Marte,NYM,Starling Marte (NYM),15,69,65,30,0.32,0,0,0,0,0,0,215.98,177,336,0,0,0,0,0,0,1,1,0
Ezequiel Tovar,COL,Ezequiel Tovar (COL),16,66,67,12,0.302,0,0,0,0,0,0,191.68,120,240,0,0,0,0,1,1,0,1,0
Matt Wallner,MIN,Matt Wallner (MIN),15,47,48,3,0.334,0,0,0,0,0,0,338.39,255,360,0,0,0,0,0,0,1,1,0
Justin Turner,TOR,Justin Turner (TOR),16,64,67,3,0.33,0,0,0,0,0,0,251.73,166,335,0,1,0,0,0,1,0,1,0
Jake Fraley,CIN,Jake Fraley (CIN),20,65,67,18,0.342,0,0,0,0,0,0,300.05,157,359,0,0,0,0,0,0,1,1,0
Jake Meyers,HOU,Jake Meyers (HOU),10,41,39,6,0.306,0,0,0,0,0,0,360.94,351,351,0,0,0,0,0,0,1,1,0
José Abreu,HOU,Jose Abreu (HOU),19,72,77,1,0.332,0,0,0,0,0,0,306.14,186,360,0,1,0,0,0,1,0,1,0
Michael Massey,KCR,Michael Massey (KCR),12,42,45,5,0.305,0,0,0,0,0,0,360.9,344,344,0,0,1,0,0,1,0,1,0
Brent Rooker,OAK,Brent Rooker (OAK),26,67,76,3,0.311,0,0,0,0,0,0,292.07,220,360,0,0,0,0,0,0,1,1,0
Gio Urshela,DET,Gio Urshela (DET),7,32,34,2,0.322,0,0,0,0,0,0,360.95,353,353,0,1,0,1,0,1,0,1,0
Will Benson,CIN,Will Benson (CIN),15,56,51,16,0.34,0,0,0,0,0,0,255.59,161,338,0,0,0,0,0,0,1,1,0
Junior Caminero,TBR,Junior Caminero (TBR),8,23,25,1,0.318,0,0,0,0,0,0,293.89,189,360,0,0,0,1,0,1,0,1,0
Jackson Chourio,MIL,Jackson Chourio (MIL),16,56,62,16,0.305,0,0,0,0,0,0,113.43,73,170,0,0,0,0,0,0,1,1,0
José Caballero,TBR,Jose Caballero (TBR),5,34,27,17,0.339,0,0,0,0,0,0,352.47,265,360,0,0,1,0,1,1,0,1,0
Jared Triolo,PIT,Jared Triolo (PIT),6,50,41,10,0.334,0,0,0,0,0,0,360.43,321,340,0,0,1,1,0,1,0,1,0
Jesús Sánchez,MIA,Jesus Sanchez (MIA),17,50,54,3,0.323,0,0,0,0,0,0,360.84,333,333,0,0,0,0,0,0,1,1,0
Ramón Laureano,CLE,Ramon Laureano (CLE),16,59,61,13,0.306,0,0,0,0,0,0,360.66,335,354,0,0,0,0,0,0,1,1,0
Mitch Haniger,SEA,Mitch Haniger (SEA),21,58,64,2,0.303,0,0,0,0,0,0,335.01,240,357,0,0,0,0,0,0,1,1,0
Dominic Canzone,SEA,Dominic Canzone (SEA),12,38,42,4,0.313,0,0,0,0,0,0,360.41,329,354,0,0,0,0,0,0,1,1,0
Kyle Manzardo,CLE,Kyle Manzardo (CLE),14,44,44,2,0.33,0,0,0,0,0,0,359.35,316,359,0,1,0,0,0,1,0,1,0
Kris Bryant,COL,Kris Bryant (COL),21,80,73,3,0.343,0,0,0,0,0,0,252.18,171,309,0,0,0,0,0,0,1,1,0
Kerry Carpenter,DET,Kerry Carpenter (DET),21,61,71,4,0.318,0,0,0,0,0,0,226.06,166,287,0,0,0,0,0,0,1,1,0
Yan Gomes,CHC,Yan Gomes (CHC),10,37,39,2,0.297,0,0,0,0,0,0,358.13,233,360,1,0,0,0,0,0,0,1,0
Javier Báez,DET,Javier Baez (DET),15,55,59,9,0.288,0,0,0,0,0,0,360.68,324,359,0,0,0,0,1,1,0,1,0
Garrett Mitchell,MIL,Garrett Mitchell (MIL),9,39,37,11,0.312,0,0,0,0,0,0,347.91,246,360,0,0,0,0,0,0,1,1,0
Jason Heyward,LAD,Jason Heyward (LAD),11,43,44,3,0.321,0,0,0,0,0,0,357.98,318,360,0,0,0,0,0,0,1,1,0
Wilyer Abreu,BOS,Wilyer Abreu (BOS),10,38,34,5,0.344,0,0,0,0,0,0,358.41,261,360,0,0,0,0,0,0,1,1,0
Giancarlo Stanton,NYY,Giancarlo Stanton (NYY),27,60,71,1,0.313,0,0,0,0,0,0,247.91,154,329,0,0,0,0,0,0,1,1,0
Noelvi Marte,CIN,Noelvi Marte (CIN),7,26,26,5,0.332,0,0,0,0,0,0,330.06,141,358,0,0,0,1,0,1,0,1,0
Alex Kirilloff,MIN,Alex Kirilloff (MIN),12,44,44,3,0.332,0,0,0,0,0,0,341.96,247,359,0,1,0,0,0,1,1,1,0
Johan Rojas,PHI,Johan Rojas (PHI),6,38,34,17,0.3,0,0,0,0,0,0,354.32,214,357,0,0,0,0,0,0,1,1,0
Jarred Kelenic,ATL,Jarred Kelenic (ATL),14,52,50,11,0.321,0,0,0,0,0,0,253.65,93,359,0,0,0,0,0,0,1,1,0
Willi Castro,MIN,Willi Castro (MIN),9,43,41,18,0.309,0,0,0,0,0,0,307.36,222,358,0,0,0,1,0,1,1,1,0
Cavan Biggio,TOR,Cavan Biggio (TOR),9,43,37,6,0.333,0,0,0,0,0,0,360.44,324,358,0,1,1,0,0,1,1,1,0
Tyler Stephenson,CIN,Tyler Stephenson (CIN),10,43,42,2,0.328,0,0,0,0,0,0,236.71,185,339,1,0,0,0,0,0,0,1,0
Jon Berti,NYY,Jon Berti (NYY),4,26,22,11,0.323,0,0,0,0,0,0,360.22,325,359,0,0,0,1,1,1,0,1,0
Michael A. Taylor,PIT,Michael A. Taylor (PIT),12,41,43,8,0.294,0,0,0,0,0,0,360.85,351,354,0,0,0,0,0,0,1,1,0
Mauricio Dubón,HOU,Mauricio Dubon (HOU),7,37,33,5,0.309,0,0,0,0,0,0,360.73,313,313,0,0,1,0,0,1,1,1,0
Ryan O'Hearn,BAL,Ryan O'Hearn (BAL),16,47,54,3,0.307,0,0,0,0,0,0,359.38,281,357,0,1,0,0,0,1,1,1,0
Bryan De La Cruz,MIA,Bryan De La Cruz (MIA),17,59,64,4,0.314,0,0,0,0,0,0,303.82,224,359,0,0,0,0,0,0,1,1,0
Rowdy Tellez,PIT,Rowdy Tellez (PIT),17,47,52,1,0.326,0,0,0,0,0,0,360.89,342,342,0,1,0,0,0,1,0,1,0
Colton Cowser,BAL,Colton Cowser (BAL),7,31,28,3,0.342,0,0,0,0,0,0,350.89,214,360,0,0,0,0,0,0,1,1,0
Hunter Renfroe,KCR,Hunter Renfroe (KCR),17,48,53,1,0.313,0,0,0,0,0,0,356.15,202,359,0,0,0,0,0,0,1,1,0
Chris Taylor,LAD,Chris Taylor (LAD),10,41,40,9,0.312,0,0,0,0,0,0,355.98,213,360,0,0,0,1,1,1,1,1,0
Enrique Hernández,LAD,Enrique Hernandez (LAD),9,38,38,2,0.304,0,0,0,0,0,0,360.97,358,359,0,0,1,0,1,1,1,1,0
Lawrence Butler,OAK,Lawrence Butler (OAK),12,44,46,7,0.297,0,0,0,0,0,0,360.55,331,358,0,0,0,0,0,0,1,1,0
Victor Robles,WSN,Victor Robles (WSN),7,40,36,14,0.314,0,0,0,0,0,0,360.81,329,359,0,0,0,0,0,0,1,1,0
Zach McKinstry,DET,Zach McKinstry (DET),8,41,33,9,0.312,0,0,0,0,0,0,360.44,318,353,0,0,1,1,1,1,1,1,0
Jonathan Aranda,TBR,Jonathan Aranda (TBR),7,28,26,1,0.346,0,0,0,0,0,0,360.73,315,360,0,0,0,0,0,0,0,1,0
Carlos Santana,MIN,Carlos Santana (MIN),15,51,53,3,0.328,0,0,0,0,0,0,360.71,339,358,0,1,0,0,0,1,0,1,0
Joey Meneses,WSN,Joey Meneses (WSN),17,60,68,1,0.319,0,0,0,0,0,0,358.64,294,360,0,0,0,0,0,0,0,1,0
Colson Montgomery,CHW,Colson Montgomery (CHW),5,22,20,1,0.32,0,0,0,0,0,0,360.95,353,353,0,0,0,0,1,1,0,1,0
Michael Busch,CHC,Michael Busch (CHC),14,47,48,3,0.316,0,0,0,0,0,0,337.55,224,360,0,1,0,1,0,1,0,1,0
Tom Murphy,SFG,Tom Murphy (SFG),8,26,27,1,0.317,0,0,0,0,0,0,360.66,301,301,1,0,0,0,0,0,0,1,0
Mark Vientos,NYM,Mark Vientos (NYM),8,22,25,1,0.309,0,0,0,0,0,0,360.95,353,353,0,0,0,0,0,0,0,1,0
Harold Ramírez,TBR,Harold Ramirez (TBR),6,28,30,3,0.329,0,0,0,0,0,0,360.77,325,357,0,0,0,0,0,0,0,1,0
Victor Scott II,STL,Victor Scott II (STL),4,29,27,16,0.308,0,0,0,0,0,0,295.43,117,359,0,0,0,0,0,0,1,1,0
Pete Crow-Armstrong,CHC,Pete Crow-Armstrong (CHC),5,24,22,8,0.304,0,0,0,0,0,0,360.11,290,360,0,0,0,0,0,0,1,1,0
Ezequiel Duran,TEX,Ezequiel Duran (TEX),7,27,29,5,0.306,0,0,0,0,0,0,327.35,191,359,0,0,0,1,1,1,1,1,0
Jorge Mateo,BAL,Jorge Mateo (BAL),4,21,19,13,0.286,0,0,0,0,0,0,359.3,267,360,0,0,0,0,1,1,0,1,0
Miguel Andujar,OAK,Miguel Andujar (OAK),7,26,28,2,0.321,0,0,0,0,0,0,360.81,331,358,0,0,0,0,0,0,1,1,0
Jurickson Profar,SDP,Jurickson Profar (SDP),9,47,40,3,0.327,0,0,0,0,0,0,360.8,326,326,0,0,0,0,0,0,1,1,0
Jordan Lawlar,ARI,Jordan Lawlar (ARI),4,21,19,6,0.306,0,0,0,0,0,0,356.33,283,360,0,0,0,0,1,1,0,1,0
Paul DeJong,CHW,Paul DeJong (CHW),12,33,36,4,0.275,0,0,0,0,0,0,360.61,313,341,0,0,0,0,1,1,0,1,0
Joey Gallo,WSN,Joey Gallo (WSN),19,47,48,3,0.315,0,0,0,0,0,0,360.98,357,357,0,1,0,0,0,1,1,1,0
Graham Pauley,SDP,Graham Pauley (SDP),9,30,31,4,0.313,0,0,0,0,0,0,360.95,358,360,0,0,0,1,0,1,0,1,0
Richie Palacios,TBR,Richie Palacios (TBR),3,18,17,3,0.34,0,0,0,0,0,0,360.89,342,342,0,0,0,0,0,0,1,1,0
J.D. Martinez,NYM,J.D. Martinez (NYM),22,64,73,1,0.309,0,0,0,0,0,0,257.47,149,333,0,0,0,0,0,0,0,1,0
Brenton Doyle,COL,Brenton Doyle (COL),15,55,55,19,0.276,0,0,0,0,0,0,351.63,272,360,0,0,0,0,0,0,1,1,0
Nelson Velázquez,KCR,Nelson Velazquez (KCR),15,41,45,5,0.304,0,0,0,0,0,0,315.68,206,356,0,0,0,0,0,0,1,1,0
Liover Peguero,PIT,Liover Peguero (PIT),5,19,20,5,0.297,0,0,0,0,0,0,360.66,332,352,0,0,1,0,1,1,0,1,0
Edward Olivares,PIT,Edward Olivares (PIT),8,31,32,7,0.32,0,0,0,0,0,0,360.77,341,354,0,0,0,0,0,0,1,1,0
Coby Mayo,BAL,Coby Mayo (BAL),3,11,11,1,0.324,0,0,0,0,0,0,359.77,296,360,0,0,0,1,0,1,0,1,0
Gary Sánchez,MIL,Gary Sanchez (MIL),17,41,45,1,0.297,0,0,0,0,0,0,352.49,228,360,1,0,0,0,0,0,0,1,0
Andrew McCutchen,PIT,Andrew McCutchen (PIT),14,56,53,8,0.344,0,0,0,0,0,0,360.84,340,353,0,0,0,0,0,0,0,1,0
Luis Matos,SFG,Luis Matos (SFG),3,15,14,2,0.323,0,0,0,0,0,0,360.9,350,354,0,0,0,0,0,0,1,1,0
Jasson Domínguez,NYY,Jasson Dominguez (NYY),4,16,15,4,0.316,0,0,0,0,0,0,359.08,263,356,0,0,0,0,0,0,1,1,0
Heston Kjerstad,BAL,Heston Kjerstad (BAL),5,18,18,1,0.321,0,0,0,0,0,0,360.93,348,348,0,0,0,0,0,0,0,1,0
Adalberto Mondesi,BOS,Adalberto Mondesi (BOS),4,19,19,8,0.279,0,0,0,0,0,0,360.79,324,324,0,0,0,0,1,1,0,1,0
Charlie Blackmon,COL,Charlie Blackmon (COL),14,75,57,6,0.344,0,0,0,0,0,0,359.38,297,354,0,0,0,0,0,0,1,1,0
Nick Castellanos,PHI,Nick Castellanos (PHI),22,71,81,7,0.309,0,0,0,0,0,0,110.05,64,150,0,0,0,0,0,0,1,1,0
Whit Merrifield,PHI,Whit Merrifield (PHI),7,43,37,15,0.305,0,0,0,0,0,0,284.42,191,359,0,0,1,0,0,1,1,1,0
Tyler Black,MIL,Tyler Black (MIL),2,10,9,3,0.34,0,0,0,0,0,0,360.22,286,350,0,0,0,1,0,1,0,1,0
Drew Waters,KCR,Drew Waters (KCR),3,11,11,3,0.313,0,0,0,0,0,0,360.9,344,344,0,0,0,0,0,0,1,1,0
Sean Bouchard,COL,Sean Bouchard (COL),4,13,13,2,0.343,0,0,0,0,0,0,360.7,342,345,0,0,0,0,0,0,1,1,0
Connor Wong,BOS,Connor Wong (BOS),8,32,32,5,0.29,0,0,0,0,0,0,350.55,204,360,1,0,0,0,0,0,0,1,0
Jake McCarthy,ARI,Jake McCarthy (ARI),1,6,6,3,0.324,0,0,0,0,0,0,359.66,270,359,0,0,0,0,0,0,1,1,0
José Azocar,SDP,Jose Azocar (SDP),5,27,26,13,0.287,0,0,0,0,0,0,360.98,357,357,0,0,0,0,0,0,1,1,0
Mickey Moniak,LAA,Mickey Moniak (LAA),16,49,54,7,0.277,0,0,0,0,0,0,358.3,294,360,0,0,0,0,0,0,1,1,0
Blaze Alexander,ARI,Blaze Alexander (ARI),2,11,10,1,0.291,0,0,0,0,0,0,360.74,315,315,0,0,0,0,1,1,0,1,0
Jacob Hurtubise,CIN,Jacob Hurtubise (CIN),0,3,2,1,0.354,0,0,0,0,0,0,360.81,339,350,0,0,0,0,0,0,1,1,0
James Wood,WSN,James Wood (WSN),3,10,10,1,0.297,0,0,0,0,0,0,348.63,236,359,0,0,0,0,0,0,1,1,0
Trey Lipscomb,WSN,Trey Lipscomb (WSN),2,11,11,1,0.278,0,0,0,0,0,0,360.28,235,235,0,0,0,1,0,1,0,1,0
Blake Sabol,SFG,Blake Sabol (SFG),0,1,1,0,0.297,0,0,0,0,0,0,360.91,349,358,1,0,0,0,0,0,1,1,0
Luisangel Acuña,NYM,Luisangel Acuna (NYM),0,0,0,0,0.297,0,0,0,0,0,0,360.82,330,330,0,0,0,0,1,1,0,1,0
Tyler Wade,SDP,Tyler Wade (SDP),1,8,7,5,0.297,0,0,0,0,0,0,360.91,345,345,0,0,0,1,1,1,0,1,0
Spencer Jones,NYY,Spencer Jones (NYY),0,0,0,0,0.279,0,0,0,0,0,0,360.44,311,313,0,0,0,0,0,0,1,1,0
Forrest Wall,ATL,Forrest Wall (ATL),0,4,3,2,0.308,0,0,0,0,0,0,360.94,353,358,0,0,0,0,0,0,1,1,0
Elehuris Montero,COL,Elehuris Montero (COL),15,41,46,1,0.31,0,0,0,0,0,0,359.97,299,360,0,1,0,0,0,1,0,1,0
Dylan Crews,WSN,Dylan Crews (WSN),5,21,20,4,0.29,0,0,0,0,0,0,358.71,254,358,0,0,0,0,0,0,1,1,0
Adam Duvall,ATL,Adam Duvall (ATL),13,32,37,2,0.275,0,0,0,0,0,0,359.69,319,356,0,0,0,0,0,0,1,1,0
Eddie Rosario,WSN,Eddie Rosario (WSN),11,37,41,4,0.302,0,0,0,0,0,0,360.17,332,360,0,0,0,0,0,0,1,1,0
Chase DeLauter,CLE,Chase DeLauter (CLE),2,9,9,1,0.283,0,0,0,0,0,0,358.81,82,357,0,0,0,0,0,0,1,1,0
Elias Díaz,COL,Elias Diaz (COL),11,39,42,1,0.307,0,0,0,0,0,0,270.51,190,351,1,0,0,0,0,0,0,1,0
Luke Raley,SEA,Luke Raley (SEA),15,44,46,8,0.311,0,0,0,0,0,0,345.22,228,359,0,1,0,0,0,1,1,1,0
Tommy Pham,FA,Tommy Pham (FA),13,50,49,12,0.325,0,0,0,0,0,0,354.57,250,360,0,0,0,0,0,0,1,1,0
Spencer Strider,ATL,Spencer Strider (ATL),0,0,0,0,0,15,0,0,257,1.09,3.19,4.77,1,12,0,0,0,0,0,0,0,0,1
Zack Wheeler,PHI,Zack Wheeler (PHI),0,0,0,0,0,13,0,0,199,1.15,3.56,23.79,11,33,0,0,0,0,0,0,0,0,1
Kevin Gausman,TOR,Kevin Gausman (TOR),0,0,0,0,0,13,0,0,221,1.13,3.44,42.46,25,70,0,0,0,0,0,0,0,0,1
Aaron Nola,PHI,Aaron Nola (PHI),0,0,0,0,0,12,0,0,200,1.17,3.82,56.64,38,81,0,0,0,0,0,0,0,0,1
Logan Webb,SFG,Logan Webb (SFG),0,0,0,0,0,13,0,0,180,1.22,3.5,50.11,36,68,0,0,0,0,0,0,0,0,1
Pablo López,MIN,Pablo Lopez (MIN),0,0,0,0,0,13,0,0,214,1.17,3.51,36.1,25,48,0,0,0,0,0,0,0,0,1
Framber Valdez,HOU,Framber Valdez (HOU),0,0,0,0,0,14,0,0,197,1.24,3.39,56.4,30,71,0,0,0,0,0,0,0,0,1
Tarik Skubal,DET,Tarik Skubal (DET),0,0,0,0,0,11,0,0,198,1.14,3.33,41.2,25,53,0,0,0,0,0,0,0,0,1
Tyler Glasnow,LAD,Tyler Glasnow (LAD),0,0,0,0,0,11,0,0,191,1.15,3.48,35.11,19,48,0,0,0,0,0,0,0,0,1
Zac Gallen,ARI,Zac Gallen (ARI),0,0,0,0,0,12,0,0,202,1.22,3.82,42.9,27,65,0,0,0,0,0,0,0,0,1
George Kirby,SEA,George Kirby (SEA),0,0,0,0,0,12,0,0,183,1.12,3.63,34.85,23,47,0,0,0,0,0,0,0,0,1
Max Fried,ATL,Max Fried (ATL),0,0,0,0,0,14,0,0,176,1.23,3.59,52.72,38,71,0,0,0,0,0,0,0,0,1
Zach Eflin,TBR,Zach Eflin (TBR),0,0,0,0,0,12,0,0,177,1.15,3.64,73.55,54,99,0,0,0,0,0,0,0,0,1
Luis Castillo,SEA,Luis Castillo (SEA),0,0,0,0,0,12,0,0,204,1.2,3.65,29.78,13,39,0,0,0,0,0,0,0,0,1
Justin Steele,CHC,Justin Steele (CHC),0,0,0,0,0,12,0,0,173,1.25,3.71,94.47,65,121,0,0,0,0,0,0,0,0,1
Jesús Luzardo,MIA,Jesus Luzardo (MIA),0,0,0,0,0,11,0,0,205,1.24,3.76,78.78,56,104,0,0,0,0,0,0,0,0,1
Freddy Peralta,MIL,Freddy Peralta (MIL),0,0,0,0,0,11,0,0,200,1.18,3.7,53.82,37,73,0,0,0,0,0,0,0,0,1
Shota Imanaga,CHC,Shota Imanaga (CHC),0,0,0,0,0,11,0,0,180,1.21,3.84,151.3,108,185,0,0,0,0,0,0,0,0,1
Corbin Burnes,BAL,Corbin Burnes (BAL),0,0,0,0,0,12,0,0,208,1.23,3.78,20.35,9,32,0,0,0,0,0,0,0,0,1
Carlos Rodón,NYY,Carlos Rodon (NYY),0,0,0,0,0,11,0,0,197,1.16,3.77,139.4,85,205,0,0,0,0,0,0,0,0,1
Yoshinobu Yamamoto,LAD,Yoshinobu Yamamoto (LAD),0,0,0,0,0,12,0,0,193,1.2,3.94,43.55,23,66,0,0,0,0,0,0,0,0,1
Sonny Gray,STL,Sonny Gray (STL),0,0,0,0,0,12,0,0,171,1.28,3.83,138.37,98,206,0,0,0,0,0,0,0,0,1
Blake Snell,SFG,Blake Snell (SFG),0,0,0,0,0,11,0,0,211,1.26,3.53,71.84,36,121,0,0,0,0,0,0,0,0,1
Chris Sale,ATL,Chris Sale (ATL),0,0,0,0,0,11,0,0,172,1.17,3.76,95.73,68,124,0,0,0,0,0,0,0,0,1
Shane Bieber,CLE,Shane Bieber (CLE),0,0,0,0,0,11,0,0,182,1.25,3.95,119.22,80,174,0,0,0,0,0,0,0,0,1
Jordan Montgomery,ARI,Jordan Montgomery (ARI),0,0,0,0,0,11,0,0,152,1.27,3.96,186.04,130,315,0,0,0,0,0,0,0,0,1
Grayson Rodriguez,BAL,Grayson Rodriguez (BAL),0,0,0,0,0,12,0,0,191,1.23,3.66,63.41,40,83,0,0,0,0,0,0,0,0,1
Dylan Cease,SDP,Dylan Cease (SDP),0,0,0,0,0,11,0,0,203,1.28,3.91,92.1,60,139,0,0,0,0,0,0,0,0,1
Logan Gilbert,SEA,Logan Gilbert (SEA),0,0,0,0,0,12,0,0,185,1.18,3.88,63.36,38,79,0,0,0,0,0,0,0,0,1
Mitch Keller,PIT,Mitch Keller (PIT),0,0,0,0,0,11,0,0,176,1.32,4.18,159.36,85,205,0,0,0,0,0,0,0,0,1
Hunter Greene,CIN,Hunter Greene (CIN),0,0,0,0,0,10,0,0,195,1.25,4.25,138.06,89,204,0,0,0,0,0,0,0,0,1
Nick Lodolo,CIN,Nick Lodolo (CIN),0,0,0,0,0,9,0,1,163,1.22,3.79,254.48,195,357,0,0,0,0,0,0,0,0,1
Joe Ryan,MIN,Joe Ryan (MIN),0,0,0,0,0,11,0,0,197,1.17,4.04,86.37,64,116,0,0,0,0,0,0,0,0,1
Brayan Bello,BOS,Brayan Bello (BOS),0,0,0,0,0,11,0,0,157,1.38,4.29,211.97,168,262,0,0,0,0,0,0,0,0,1
Joe Musgrove,SDP,Joe Musgrove (SDP),0,0,0,0,0,11,0,0,169,1.2,3.86,100.2,73,148,0,0,0,0,0,0,0,0,1
Yu Darvish,SDP,Yu Darvish (SDP),0,0,0,0,0,10,0,0,174,1.2,4.12,168.48,131,207,0,0,0,0,0,0,0,0,1
Cole Ragans,KCR,Cole Ragans (KCR),0,0,0,0,0,11,0,0,185,1.33,3.96,73.65,37,103,0,0,0,0,0,0,0,0,1
Reid Detmers,LAA,Reid Detmers (LAA),0,0,0,0,0,11,0,0,189,1.3,4.25,232.63,186,304,0,0,0,0,0,0,0,0,1
Chris Bassitt,TOR,Chris Bassitt (TOR),0,0,0,0,0,11,0,0,171,1.28,4.18,128.88,87,177,0,0,0,0,0,0,0,0,1
Bobby Miller,LAD,Bobby Miller (LAD),0,0,0,0,0,10,0,0,150,1.26,4.02,64.76,20,88,0,0,0,0,0,0,0,0,1
Merrill Kelly,ARI,Merrill Kelly (ARI),0,0,0,0,0,11,0,0,176,1.33,4.17,138.52,97,175,0,0,0,0,0,0,0,0,1
DL Hall,MIL,DL Hall (MIL),0,0,0,0,0,8,0,1,162,1.28,3.66,279.37,181,343,0,0,0,0,0,0,0,0,1
José Berríos,TOR,Jose Berrios (TOR),0,0,0,0,0,11,0,0,167,1.25,4.09,158.6,109,200,0,0,0,0,0,0,0,0,1
Ranger Suárez,PHI,Ranger Suarez (PHI),0,0,0,0,0,10,0,0,134,1.37,4.04,321.28,229,360,0,0,0,0,0,0,0,0,1
Alex Cobb,SFG,Alex Cobb (SFG),0,0,0,0,0,9,0,0,120,1.28,3.68,357.55,294,358,0,0,0,0,0,0,0,0,1
Kodai Senga,NYM,Kodai Senga (NYM),0,0,0,0,0,8,0,0,149,1.28,3.74,243.89,104,348,0,0,0,0,0,0,0,0,1
Yusei Kikuchi,TOR,Yusei Kikuchi (TOR),0,0,0,0,0,10,0,0,161,1.26,3.98,229.82,184,311,0,0,0,0,0,0,0,0,1
Nathan Eovaldi,TEX,Nathan Eovaldi (TEX),0,0,0,0,0,11,0,0,157,1.29,4.23,192.09,130,249,0,0,0,0,0,0,0,0,1
Eduardo Rodriguez,ARI,Eduardo Rodriguez (ARI),0,0,0,0,0,9,0,0,131,1.3,3.99,255.84,151,359,0,0,0,0,0,0,0,0,1
Patrick Sandoval,LAA,Patrick Sandoval (LAA),0,0,0,0,0,10,0,0,152,1.4,4.18,360.15,316,359,0,0,0,0,0,0,0,0,1
Justin Verlander,HOU,Justin Verlander (HOU),0,0,0,0,0,10,0,0,146,1.23,4.22,175.24,113,251,0,0,0,0,0,0,0,0,1
Hunter Brown,HOU,Hunter Brown (HOU),0,0,0,0,0,9,0,1,141,1.28,3.76,151.31,109,191,0,0,0,0,0,0,0,0,1
MacKenzie Gore,WSN,MacKenzie Gore (WSN),0,0,0,0,0,9,0,0,159,1.34,4.19,257.17,177,315,0,0,0,0,0,0,0,0,1
Marcus Stroman,NYY,Marcus Stroman (NYY),0,0,0,0,0,11,0,0,144,1.33,4.01,250.97,197,304,0,0,0,0,0,0,0,0,1
Braxton Garrett,MIA,Braxton Garrett (MIA),0,0,0,0,0,8,0,0,126,1.27,3.99,266.96,176,360,0,0,0,0,0,0,0,0,1
Griffin Canning,LAA,Griffin Canning (LAA),0,0,0,0,0,9,0,0,147,1.28,4.21,268.24,217,332,0,0,0,0,0,0,0,0,1
Lance Lynn,STL,Lance Lynn (STL),0,0,0,0,0,10,0,0,152,1.29,4.34,312.99,190,360,0,0,0,0,0,0,0,0,1
Kenta Maeda,DET,Kenta Maeda (DET),0,0,0,0,0,9,0,1,147,1.23,4.11,233.6,193,290,0,0,0,0,0,0,0,0,1
Michael King,SDP,Michael King (SDP),0,0,0,0,0,9,0,1,154,1.28,3.86,126.59,97,174,0,0,0,0,0,0,0,0,1
Frankie Montas,CIN,Frankie Montas (CIN),0,0,0,0,0,9,0,0,144,1.32,4.43,293.89,211,359,0,0,0,0,0,0,0,0,1
Nick Pivetta,BOS,Nick Pivetta (BOS),0,0,0,0,0,10,0,1,188,1.33,4.47,159.9,117,205,0,0,0,0,0,0,0,0,1
Jon Gray,TEX,Jon Gray (TEX),0,0,0,0,0,10,0,0,159,1.32,4.37,298.64,243,359,0,0,0,0,0,0,0,0,1
Brady Singer,KCR,Brady Singer (KCR),0,0,0,0,0,10,0,0,139,1.37,4.41,356.79,222,357,0,0,0,0,0,0,0,0,1
Bailey Ober,MIN,Bailey Ober (MIN),0,0,0,0,0,9,0,0,151,1.22,4.24,116.6,92,154,0,0,0,0,0,0,0,0,1
Steven Matz,STL,Steven Matz (STL),0,0,0,0,0,9,0,1,127,1.25,3.92,357.99,305,360,0,0,0,0,0,0,0,0,1
Seth Lugo,KCR,Seth Lugo (KCR),0,0,0,0,0,9,0,0,134,1.35,4.4,266.02,200,345,0,0,0,0,0,0,0,0,1
Kyle Gibson,STL,Kyle Gibson (STL),0,0,0,0,0,11,0,0,140,1.37,4.32,358.66,181,357,0,0,0,0,0,0,0,0,1
Charlie Morton,ATL,Charlie Morton (ATL),0,0,0,0,0,11,0,0,168,1.34,4.19,216.34,132,265,0,0,0,0,0,0,0,0,1
Max Scherzer,TEX,Max Scherzer (TEX),0,0,0,0,0,7,0,0,125,1.17,4.08,326.59,220,360,0,0,0,0,0,0,0,0,1
Eury Pérez,MIA,Eury Perez (MIA),0,0,0,0,0,8,0,0,136,1.24,4.1,175.79,56,347,0,0,0,0,0,0,0,0,1
Sean Manaea,NYM,Sean Manaea (NYM),0,0,0,0,0,9,0,0,148,1.26,4.06,315.74,226,360,0,0,0,0,0,0,0,0,1
Miles Mikolas,STL,Miles Mikolas (STL),0,0,0,0,0,11,0,0,130,1.31,4.53,354.85,286,352,0,0,0,0,0,0,0,0,1
Graham Ashcraft,CIN,Graham Ashcraft (CIN),0,0,0,0,0,9,0,0,125,1.44,4.8,357.36,279,358,0,0,0,0,0,0,0,0,1
Tanner Houck,BOS,Tanner Houck (BOS),0,0,0,0,0,9,0,1,135,1.37,4.31,330.68,244,360,0,0,0,0,0,0,0,0,1
Aaron Civale,TBR,Aaron Civale (TBR),0,0,0,0,0,9,0,0,141,1.25,4.15,189.52,144,224,0,0,0,0,0,0,0,0,1
Jordan Hicks,SFG,Jordan Hicks (SFG),0,0,0,0,0,9,0,1,158,1.36,3.66,301.52,207,359,0,0,0,0,0,0,0,0,1
Shane Baz,TBR,Shane Baz (TBR),0,0,0,0,0,8,0,1,128,1.18,3.7,314.35,197,360,0,0,0,0,0,0,0,0,1
James Paxton,LAD,James Paxton (LAD),0,0,0,0,0,9,0,1,138,1.26,4.14,276.15,206,342,0,0,0,0,0,0,0,0,1
Nestor Cortes,NYY,Nestor Cortes (NYY),0,0,0,0,0,9,0,1,147,1.23,4.17,214.51,164,259,0,0,0,0,0,0,0,0,1
Tanner Bibee,CLE,Tanner Bibee (CLE),0,0,0,0,0,10,0,0,159,1.26,4.23,110.01,79,140,0,0,0,0,0,0,0,0,1
Cristopher Sánchez,PHI,Cristopher Sanchez (PHI),0,0,0,0,0,8,0,1,110,1.35,4.04,206.01,151,251,0,0,0,0,0,0,0,0,1
Walker Buehler,LAD,Walker Buehler (LAD),0,0,0,0,0,8,0,0,122,1.3,4.36,191.8,103,305,0,0,0,0,0,0,0,0,1
Chris Paddack,MIN,Chris Paddack (MIN),0,0,0,0,0,8,0,1,116,1.28,4.37,293.86,228,359,0,0,0,0,0,0,0,0,1
Trevor Rogers,MIA,Trevor Rogers (MIA),0,0,0,0,0,8,0,1,128,1.3,4.06,288.4,209,358,0,0,0,0,0,0,0,0,1
Kyle Harrison,SFG,Kyle Harrison (SFG),0,0,0,0,0,9,0,0,176,1.34,4.1,220.53,173,282,0,0,0,0,0,0,0,0,1
Gerrit Cole,NYY,Gerrit Cole (NYY),0,0,0,0,0,7,0,0,109,1.15,3.72,157.78,8,340,0,0,0,0,0,0,0,0,1
Andrew Abbott,CIN,Andrew Abbott (CIN),0,0,0,0,0,7,0,0,118,1.32,4.38,290.36,187,352,0,0,0,0,0,0,0,0,1
Reese Olson,DET,Reese Olson (DET),0,0,0,0,0,8,0,0,127,1.34,4.21,277.46,220,357,0,0,0,0,0,0,0,0,1
Jose Quintana,NYM,Jose Quintana (NYM),0,0,0,0,0,10,0,0,144,1.37,4.23,352.8,283,360,0,0,0,0,0,0,0,0,1
Kutter Crawford,BOS,Kutter Crawford (BOS),0,0,0,0,0,9,0,1,143,1.32,4.69,219.78,164,257,0,0,0,0,0,0,0,0,1
Brandon Pfaadt,ARI,Brandon Pfaadt (ARI),0,0,0,0,0,9,0,0,129,1.26,4.4,202.18,163,251,0,0,0,0,0,0,0,0,1
Luis Severino,NYM,Luis Severino (NYM),0,0,0,0,0,9,0,0,140,1.3,4.29,227.69,169,336,0,0,0,0,0,0,0,0,1
Edward Cabrera,MIA,Edward Cabrera (MIA),0,0,0,0,0,7,0,0,133,1.39,4.16,322.48,230,358,0,0,0,0,0,0,0,0,1
Clarke Schmidt,NYY,Clarke Schmidt (NYY),0,0,0,0,0,10,0,0,137,1.33,4.37,329.95,233,360,0,0,0,0,0,0,0,0,1
Dane Dunning,TEX,Dane Dunning (TEX),0,0,0,0,0,9,0,0,130,1.41,4.57,348.11,238,360,0,0,0,0,0,0,0,0,1
Andrew Heaney,TEX,Andrew Heaney (TEX),0,0,0,0,0,9,0,1,148,1.28,4.3,347.98,249,360,0,0,0,0,0,0,0,0,1
JP Sears,OAK,JP Sears (OAK),0,0,0,0,0,9,0,0,154,1.28,4.34,342.02,261,360,0,0,0,0,0,0,0,0,1
Triston McKenzie,CLE,Triston McKenzie (CLE),0,0,0,0,0,8,0,0,151,1.29,4.46,194.55,108,264,0,0,0,0,0,0,0,0,1
Taj Bradley,TBR,Taj Bradley (TBR),0,0,0,0,0,8,0,1,142,1.25,4.08,320.21,181,357,0,0,0,0,0,0,0,0,1
Chase Silseth,LAA,Chase Silseth (LAA),0,0,0,0,0,8,0,1,127,1.38,4.33,330.69,240,360,0,0,0,0,0,0,0,0,1
A.J. Puk,MIA,A.J. Puk (MIA),0,0,0,0,0,6,0,1,112,1.3,4.03,236.71,180,347,0,0,0,0,0,0,0,0,1
Michael Wacha,KCR,Michael Wacha (KCR),0,0,0,0,0,9,0,0,129,1.36,4.72,289.93,226,359,0,0,0,0,0,0,0,0,1
Taijuan Walker,PHI,Taijuan Walker (PHI),0,0,0,0,0,9,0,0,128,1.41,4.76,359.7,250,352,0,0,0,0,0,0,0,0,1
Jameson Taillon,CHC,Jameson Taillon (CHC),0,0,0,0,0,8,0,0,120,1.31,4.62,354.63,276,357,0,0,0,0,0,0,0,0,1
Jack Flaherty,DET,Jack Flaherty (DET),0,0,0,0,0,9,0,0,148,1.38,4.41,293.27,157,359,0,0,0,0,0,0,0,0,1
Louie Varland,MIN,Louie Varland (MIN),0,0,0,0,0,9,0,1,138,1.28,4.15,268.59,202,349,0,0,0,0,0,0,0,0,1
Michael Soroka,CHW,Michael Soroka (CHW),0,0,0,0,0,8,0,0,122,1.34,4.39,352.3,203,359,0,0,0,0,0,0,0,0,1
Kyle Bradish,BAL,Kyle Bradish (BAL),0,0,0,0,0,7,0,0,106,1.27,3.93,334.24,216,360,0,0,0,0,0,0,0,0,1
Aaron Ashby,MIL,Aaron Ashby (MIL),0,0,0,0,0,6,0,1,104,1.3,3.51,359.97,318,360,0,0,0,0,0,0,0,0,1
Garrett Whitlock,BOS,Garrett Whitlock (BOS),0,0,0,0,0,7,0,1,109,1.27,4.27,305.53,211,360,0,0,0,0,0,0,0,0,1
Kyle Hendricks,CHC,Kyle Hendricks (CHC),0,0,0,0,0,8,0,0,111,1.36,4.78,358.8,281,350,0,0,0,0,0,0,0,0,1
Bryan Woo,SEA,Bryan Woo (SEA),0,0,0,0,0,8,0,1,130,1.24,4.05,201.27,134,357,0,0,0,0,0,0,0,0,1
Cristian Javier,HOU,Cristian Javier (HOU),0,0,0,0,0,10,0,0,175,1.31,4.68,162.59,104,208,0,0,0,0,0,0,0,0,1
Logan Allen,CLE,Logan Allen (CLE),0,0,0,0,0,9,0,0,134,1.33,4.19,328.05,240,359,0,0,0,0,0,0,0,0,1
Clayton Kershaw,LAD,Clayton Kershaw (LAD),0,0,0,0,0,5,0,0,74,1.22,3.81,359.12,282,358,0,0,0,0,0,0,0,0,1
Garrett Crochet,CHW,Garrett Crochet (CHW),0,0,0,0,0,7,0,1,132,1.36,4.07,339.01,228,359,0,0,0,0,0,0,0,0,1
Nick Martinez,CIN,Nick Martinez (CIN),0,0,0,0,0,7,0,1,120,1.43,4.71,357.16,310,358,0,0,0,0,0,0,0,0,1
Reynaldo López,ATL,Reynaldo Lopez (ATL),0,0,0,0,0,8,0,1,133,1.32,4.26,318.53,231,358,0,0,0,0,0,0,0,0,1
Max Meyer,MIA,Max Meyer (MIA),0,0,0,0,0,6,0,1,97,1.37,4.32,333.82,248,360,0,0,0,0,0,0,0,0,1
Patrick Corbin,WSN,Patrick Corbin (WSN),0,0,0,0,0,8,0,0,119,1.43,4.9,360.8,326,326,0,0,0,0,0,0,0,0,1
Bryce Miller,SEA,Bryce Miller (SEA),0,0,0,0,0,9,0,0,130,1.25,4.32,160.45,121,201,0,0,0,0,0,0,0,0,1
Edwin Díaz,NYM,Edwin Diaz (NYM),0,0,0,0,0,4,35,1,95,1.05,2.78,43.41,28,59,0,0,0,0,0,0,0,0,1
Wade Miley,MIL,Wade Miley (MIL),0,0,0,0,0,8,0,0,103,1.42,4.54,360.93,349,349,0,0,0,0,0,0,0,0,1
Jordan Wicks,CHC,Jordan Wicks (CHC),0,0,0,0,0,8,0,1,113,1.36,4.36,357.77,293,360,0,0,0,0,0,0,0,0,1
Martín Pérez,PIT,Martin Perez (PIT),0,0,0,0,0,8,0,0,106,1.48,4.72,360.85,341,359,0,0,0,0,0,0,0,0,1
Mason Miller,OAK,Mason Miller (OAK),0,0,0,0,0,4,22,5,94,1.1,2.96,194.52,124,304,0,0,0,0,0,0,0,0,1
Gavin Williams,CLE,Gavin Williams (CLE),0,0,0,0,0,8,0,0,130,1.31,4.24,224.02,136,354,0,0,0,0,0,0,0,0,1
Dean Kremer,BAL,Dean Kremer (BAL),0,0,0,0,0,10,0,0,151,1.34,4.55,307.89,191,355,0,0,0,0,0,0,0,0,1
Casey Mize,DET,Casey Mize (DET),0,0,0,0,0,7,0,0,103,1.36,4.63,326.04,203,360,0,0,0,0,0,0,0,0,1
John Means,BAL,John Means (BAL),0,0,0,0,0,8,0,1,110,1.27,4.49,344.01,258,360,0,0,0,0,0,0,0,0,1
Pete Fairbanks,TBR,Pete Fairbanks (TBR),0,0,0,0,0,4,30,3,89,1.12,2.99,88.74,67,120,0,0,0,0,0,0,0,0,1
Jhoan Duran,MIN,Jhoan Duran (MIN),0,0,0,0,0,3,25,3,76,1.11,2.61,98.89,37,210,0,0,0,0,0,0,0,0,1
Josiah Gray,WSN,Josiah Gray (WSN),0,0,0,0,0,8,0,0,161,1.46,5.24,342.71,256,360,0,0,0,0,0,0,0,0,1
Jake Irvin,WSN,Jake Irvin (WSN),0,0,0,0,0,6,0,0,100,1.44,4.99,360.95,352,352,0,0,0,0,0,0,0,0,1
José Alvarado,PHI,Jose Alvarado (PHI),0,0,0,0,0,4,22,6,85,1.24,3.04,160.8,112,203,0,0,0,0,0,0,0,0,1
Aroldis Chapman,PIT,Aroldis Chapman (PIT),0,0,0,0,0,4,5,11,94,1.22,2.94,335.82,256,358,0,0,0,0,0,0,0,0,1
Jacob deGrom,TEX,Jacob deGrom (TEX),0,0,0,0,0,2,0,0,39,0.97,2.85,356.6,100,360,0,0,0,0,0,0,0,0,1
Ryan Helsley,STL,Ryan Helsley (STL),0,0,0,0,0,4,30,4,85,1.18,3.21,99.07,74,126,0,0,0,0,0,0,0,0,1
Andrés Muñoz,SEA,Andres Munoz (SEA),0,0,0,0,0,4,27,4,84,1.13,2.88,77.38,51,103,0,0,0,0,0,0,0,0,1
Jared Jones,PIT,Jared Jones (PIT),0,0,0,0,0,7,0,1,107,1.41,4.71,318.59,182,360,0,0,0,0,0,0,0,0,1
Tanner Scott,MIA,Tanner Scott (MIA),0,0,0,0,0,4,27,4,86,1.23,3.06,118.21,84,186,0,0,0,0,0,0,0,0,1
Alex Wood,OAK,Alex Wood (OAK),0,0,0,0,0,7,0,1,108,1.39,4.44,360.87,344,355,0,0,0,0,0,0,0,0,1
Luis Gil,NYY,Luis Gil (NYY),0,0,0,0,0,7,0,1,125,1.34,4.29,335.08,249,360,0,0,0,0,0,0,0,0,1
Trevor Megill,MIL,Trevor Megill (MIL),0,0,0,0,0,3,9,9,81,1.19,3.47,336.61,214,359,0,0,0,0,0,0,0,0,1
Matt Manning,DET,Matt Manning (DET),0,0,0,0,0,6,0,0,87,1.41,4.8,355.07,289,360,0,0,0,0,0,0,0,0,1
Adrian Houser,NYM,Adrian Houser (NYM),0,0,0,0,0,7,0,0,95,1.45,4.66,360.98,358,358,0,0,0,0,0,0,0,0,1
Joe Kelly,LAD,Joe Kelly (LAD),0,0,0,0,0,4,3,12,78,1.23,3.18,360.65,322,353,0,0,0,0,0,0,0,0,1
Bryce Elder,ATL,Bryce Elder (ATL),0,0,0,0,0,7,0,1,91,1.43,4.57,359.45,296,356,0,0,0,0,0,0,0,0,1
Jhony Brito,SDP,Jhony Brito (SDP),0,0,0,0,0,7,0,1,103,1.36,4.43,360.56,340,360,0,0,0,0,0,0,0,0,1
Ryan Pepiot,TBR,Ryan Pepiot (TBR),0,0,0,0,0,8,0,1,137,1.33,4.44,181.84,118,240,0,0,0,0,0,0,0,0,1
Emmanuel Clase,CLE,Emmanuel Clase (CLE),0,0,0,0,0,4,34,2,68,1.17,3.17,57.65,38,80,0,0,0,0,0,0,0,0,1
David Bednar,PIT,David Bednar (PIT),0,0,0,0,0,4,32,3,78,1.21,3.6,89.07,55,145,0,0,0,0,0,0,0,0,1
Alek Manoah,TOR,Alek Manoah (TOR),0,0,0,0,0,6,0,0,98,1.38,4.67,357.87,272,357,0,0,0,0,0,0,0,0,1
Bryan Abreu,HOU,Bryan Abreu (HOU),0,0,0,0,0,4,2,16,89,1.2,3.25,357.59,300,358,0,0,0,0,0,0,0,0,1
Keaton Winn,SFG,Keaton Winn (SFG),0,0,0,0,0,5,0,1,73,1.31,4.03,359.41,323,357,0,0,0,0,0,0,0,0,1
Yuki Matsui,SDP,Yuki Matsui (SDP),0,0,0,0,0,3,6,10,80,1.21,3.38,307.81,153,359,0,0,0,0,0,0,0,0,1
A.J. Minter,ATL,A.J. Minter (ATL),0,0,0,0,0,4,3,12,78,1.18,3.44,358.13,294,360,0,0,0,0,0,0,0,0,1
Josh Hader,HOU,Josh Hader (HOU),0,0,0,0,0,4,31,2,89,1.17,3.34,48.04,18,68,0,0,0,0,0,0,0,0,1
Matt Strahm,PHI,Matt Strahm (PHI),0,0,0,0,0,4,2,12,82,1.15,3.56,358.9,246,360,0,0,0,0,0,0,0,0,1
Mike Clevinger,CHW,Mike Clevinger (CHW),0,0,0,0,0,5,0,0,74,1.34,4.83,360.35,329,359,0,0,0,0,0,0,0,0,1
Ryan Pressly,HOU,Ryan Pressly (HOU),0,0,0,0,0,4,3,13,74,1.19,3.39,325.72,108,360,0,0,0,0,0,0,0,0,1
Gavin Stone,LAD,Gavin Stone (LAD),0,0,0,0,0,5,0,1,75,1.33,4.23,282.79,200,359,0,0,0,0,0,0,0,0,1
Robert Gasser,MIL,Robert Gasser (MIL),0,0,0,0,0,5,0,1,89,1.32,4.51,360.97,356,356,0,0,0,0,0,0,0,0,1
Hunter Harvey,WSN,Hunter Harvey (WSN),0,0,0,0,0,3,13,8,70,1.22,3.73,259.9,154,346,0,0,0,0,0,0,0,0,1
Brock Stewart,MIN,Brock Stewart (MIN),0,0,0,0,0,3,2,14,79,1.19,3.43,350.45,267,360,0,0,0,0,0,0,0,0,1
Randy Vásquez,SDP,Randy Vasquez (SDP),0,0,0,0,0,5,0,1,85,1.37,4.34,360.87,338,338,0,0,0,0,0,0,0,0,1
Camilo Doval,SFG,Camilo Doval (SFG),0,0,0,0,0,4,36,2,79,1.24,3.29,61.23,42,81,0,0,0,0,0,0,0,0,1
Adbert Alzolay,CHC,Adbert Alzolay (CHC),0,0,0,0,0,3,29,4,73,1.18,3.65,129.44,98,180,0,0,0,0,0,0,0,0,1
Clay Holmes,NYY,Clay Holmes (NYY),0,0,0,0,0,4,31,3,68,1.26,3.24,98.44,75,123,0,0,0,0,0,0,0,0,1
Julian Merryweather,CHC,Julian Merryweather (CHC),0,0,0,0,0,3,2,14,76,1.24,3.55,360.88,350,360,0,0,0,0,0,0,0,0,1
Evan Phillips,LAD,Evan Phillips (LAD),0,0,0,0,0,4,30,5,76,1.21,3.61,79.22,51,114,0,0,0,0,0,0,0,0,1
Erick Fedde,CHW,Erick Fedde (CHW),0,0,0,0,0,7,0,0,109,1.47,5.13,330.19,241,358,0,0,0,0,0,0,0,0,1
Chris Martin,BOS,Chris Martin (BOS),0,0,0,0,0,3,3,12,64,1.22,3.75,358.89,271,357,0,0,0,0,0,0,0,0,1
Emmet Sheehan,LAD,Emmet Sheehan (LAD),0,0,0,0,0,4,0,1,75,1.28,4.13,338.17,224,360,0,0,0,0,0,0,0,0,1
Raisel Iglesias,ATL,Raisel Iglesias (ATL),0,0,0,0,0,4,31,3,77,1.17,3.62,67.15,49,84,0,0,0,0,0,0,0,0,1
Sawyer Gipson-Long,DET,Sawyer Gipson-Long (DET),0,0,0,0,0,4,0,1,66,1.26,4.03,360.39,313,358,0,0,0,0,0,0,0,0,1
Joe Boyle,OAK,Joe Boyle (OAK),0,0,0,0,0,5,0,1,109,1.49,4.34,350.47,291,359,0,0,0,0,0,0,0,0,1
Matt Brash,SEA,Matt Brash (SEA),0,0,0,0,0,3,3,12,69,1.18,3.02,358.31,287,360,0,0,0,0,0,0,0,0,1
Michael Lorenzen,TEX,Michael Lorenzen (TEX),0,0,0,0,0,6,0,1,93,1.39,4.65,360.3,324,357,0,0,0,0,0,0,0,0,1
Sixto Sánchez,MIA,Sixto Sanchez (MIA),0,0,0,0,0,3,0,9,59,1.23,3.55,360.96,354,354,0,0,0,0,0,0,0,0,1
Abner Uribe,MIL,Abner Uribe (MIL),0,0,0,0,0,3,6,10,82,1.32,3.45,322.89,196,360,0,0,0,0,0,0,0,0,1
Ricky Tiedemann,TOR,Ricky Tiedemann (TOR),0,0,0,0,0,3,0,1,48,1.31,3.86,347.61,257,360,0,0,0,0,0,0,0,0,1
Zack Littell,TBR,Zack Littell (TBR),0,0,0,0,0,8,0,1,124,1.35,4.68,312.97,258,355,0,0,0,0,0,0,0,0,1
Tylor Megill,NYM,Tylor Megill (NYM),0,0,0,0,0,6,0,1,92,1.34,4.38,346.44,260,359,0,0,0,0,0,0,0,0,1
Jordan Romano,TOR,Jordan Romano (TOR),0,0,0,0,0,3,28,3,65,1.22,3.65,104.91,59,215,0,0,0,0,0,0,0,0,1
Jeff Hoffman,PHI,Jeff Hoffman (PHI),0,0,0,0,0,3,2,12,77,1.27,3.88,353.69,274,360,0,0,0,0,0,0,0,0,1
Kevin Ginkel,ARI,Kevin Ginkel (ARI),0,0,0,0,0,3,9,10,69,1.29,3.73,321.07,149,355,0,0,0,0,0,0,0,0,1
Javier Assad,CHC,Javier Assad (CHC),0,0,0,0,0,5,0,1,78,1.4,4.52,360.59,296,353,0,0,0,0,0,0,0,0,1
Jason Adam,TBR,Jason Adam (TBR),0,0,0,0,0,3,3,12,76,1.18,3.58,328.23,216,360,0,0,0,0,0,0,0,0,1
Orion Kerkering,PHI,Orion Kerkering (PHI),0,0,0,0,0,3,4,9,70,1.26,3.74,354.73,265,360,0,0,0,0,0,0,0,0,1
Kenley Jansen,BOS,Kenley Jansen (BOS),0,0,0,0,0,3,32,2,75,1.27,4.14,145.24,84,204,0,0,0,0,0,0,0,0,1
Scott McGough,ARI,Scott McGough (ARI),0,0,0,0,0,3,2,14,67,1.3,3.77,360.89,352,358,0,0,0,0,0,0,0,0,1
José Urquidy,HOU,Jose Urquidy (HOU),0,0,0,0,0,6,0,1,88,1.34,4.94,360.16,319,352,0,0,0,0,0,0,0,0,1
Andrew Nardi,MIA,Andrew Nardi (MIA),0,0,0,0,0,3,2,12,74,1.29,3.74,358.26,235,359,0,0,0,0,0,0,0,0,1
Yimi García,TOR,Yimi Garcia (TOR),0,0,0,0,0,3,2,15,69,1.19,3.69,340.9,207,360,0,0,0,0,0,0,0,0,1
Nick Nastrini,CHW,Nick Nastrini (CHW),0,0,0,0,0,5,0,0,99,1.44,5.02,360.59,326,356,0,0,0,0,0,0,0,0,1
Kyle Finnegan,WSN,Kyle Finnegan (WSN),0,0,0,0,0,3,22,7,65,1.32,4.03,237.33,146,336,0,0,0,0,0,0,0,0,1
Matt Waldron,SDP,Matt Waldron (SDP),0,0,0,0,0,4,0,1,64,1.37,4.8,360.99,359,359,0,0,0,0,0,0,0,0,1
Brusdar Graterol,LAD,Brusdar Graterol (LAD),0,0,0,0,0,3,8,10,49,1.27,3.66,360.27,292,360,0,0,0,0,0,0,0,0,1
Seranthony Domínguez,PHI,Seranthony Dominguez (PHI),0,0,0,0,0,3,3,13,67,1.32,3.97,360.9,352,353,0,0,0,0,0,0,0,0,1
Griffin Jax,MIN,Griffin Jax (MIN),0,0,0,0,0,3,4,11,68,1.25,3.83,299.53,143,347,0,0,0,0,0,0,0,0,1
Devin Williams,MIL,Devin Williams (MIL),0,0,0,0,0,2,14,5,47,1.2,3.13,251.46,37,360,0,0,0,0,0,0,0,0,1
Robert Stephenson,LAA,Robert Stephenson (LAA),0,0,0,0,0,3,7,10,66,1.23,3.96,336.12,235,360,0,0,0,0,0,0,0,0,1
Joel Payamps,MIL,Joel Payamps (MIL),0,0,0,0,0,3,4,14,65,1.26,3.93,290.26,181,360,0,0,0,0,0,0,0,0,1
Robert Suarez,SDP,Robert Suarez (SDP),0,0,0,0,0,3,26,4,72,1.24,3.64,176.51,89,275,0,0,0,0,0,0,0,0,1
Ian Hamilton,NYY,Ian Hamilton (NYY),0,0,0,0,0,3,2,15,70,1.29,3.49,360.98,357,357,0,0,0,0,0,0,0,0,1
Zack Thompson,STL,Zack Thompson (STL),0,0,0,0,0,4,0,1,74,1.39,4.1,360.93,349,349,0,0,0,0,0,0,0,0,1
Daniel Hudson,LAD,Daniel Hudson (LAD),0,0,0,0,0,3,1,12,73,1.2,3.83,334.76,242,357,0,0,0,0,0,0,0,0,1
Ryan Brasier,LAD,Ryan Brasier (LAD),0,0,0,0,0,3,1,16,65,1.26,4.06,360.81,328,328,0,0,0,0,0,0,0,0,1
Craig Kimbrel,BAL,Craig Kimbrel (BAL),0,0,0,0,0,3,26,3,81,1.23,3.75,111.27,82,157,0,0,0,0,0,0,0,0,1
Jason Foley,DET,Jason Foley (DET),0,0,0,0,0,3,9,9,55,1.31,3.79,360.89,351,352,0,0,0,0,0,0,0,0,1
Alexis Díaz,CIN,Alexis Diaz (CIN),0,0,0,0,0,3,31,3,81,1.36,4.32,80.78,61,120,0,0,0,0,0,0,0,0,1
Héctor Neris,CHC,Hector Neris (CHC),0,0,0,0,0,3,6,12,75,1.3,4.12,348.31,231,360,0,0,0,0,0,0,0,0,1
Cole Irvin,BAL,Cole Irvin (BAL),0,0,0,0,0,5,0,1,68,1.28,4.33,358.03,281,360,0,0,0,0,0,0,0,0,1
Lucas Erceg,OAK,Lucas Erceg (OAK),0,0,0,0,0,3,6,10,77,1.32,3.59,360.25,230,360,0,0,0,0,0,0,0,0,1
Giovanny Gallegos,STL,Giovanny Gallegos (STL),0,0,0,0,0,3,4,13,71,1.23,3.99,360.79,347,355,0,0,0,0,0,0,0,0,1
Ryan Weathers,MIA,Ryan Weathers (MIA),0,0,0,0,0,4,0,6,69,1.38,4.23,349.45,258,358,0,0,0,0,0,0,0,0,1
Tyler Wells,BAL,Tyler Wells (BAL),0,0,0,0,0,5,0,1,83,1.27,4.5,288.24,181,355,0,0,0,0,0,0,0,0,1
David Robertson,TEX,David Robertson (TEX),0,0,0,0,0,3,11,9,69,1.34,4.13,328.39,214,359,0,0,0,0,0,0,0,0,1
Jonathan Loáisiga,NYY,Jonathan Loaisiga (NYY),0,0,0,0,0,3,3,13,56,1.29,3.77,360.99,359,359,0,0,0,0,0,0,0,0,1
Yennier Cano,BAL,Yennier Cano (BAL),0,0,0,0,0,3,4,12,60,1.3,3.66,333.13,217,359,0,0,0,0,0,0,0,0,1
Chad Green,TOR,Chad Green (TOR),0,0,0,0,0,3,1,13,69,1.19,3.84,360.27,322,358,0,0,0,0,0,0,0,0,1
Carlos Estévez,LAA,Carlos Estevez (LAA),0,0,0,0,0,3,25,5,71,1.33,4.32,195.8,118,257,0,0,0,0,0,0,0,0,1
Justin Lawrence,COL,Justin Lawrence (COL),0,0,0,0,0,3,17,7,66,1.46,4.55,344.17,221,360,0,0,0,0,0,0,0,0,1
John Schreiber,KCR,John Schreiber (KCR),0,0,0,0,0,3,1,15,60,1.35,4,360.96,354,354,0,0,0,0,0,0,0,0,1
J.P. France,HOU,J.P. France (HOU),0,0,0,0,0,5,0,1,85,1.37,4.61,355.38,268,359,0,0,0,0,0,0,0,0,1
Ronel Blanco,HOU,Ronel Blanco (HOU),0,0,0,0,0,5,0,4,93,1.37,4.44,360.35,307,357,0,0,0,0,0,0,0,0,1
Paul Sewald,ARI,Paul Sewald (ARI),0,0,0,0,0,3,26,4,62,1.25,3.96,122.14,61,344,0,0,0,0,0,0,0,0,1
Yariel Rodriguez,TOR,Yariel Rodriguez (TOR),0,0,0,0,0,3,0,1,67,1.34,4.18,360.79,324,324,0,0,0,0,0,0,0,0,1
Ryne Nelson,ARI,Ryne Nelson (ARI),0,0,0,0,0,5,0,1,68,1.37,4.74,353.9,277,360,0,0,0,0,0,0,0,0,1
AJ Smith-Shawver,ATL,AJ Smith-Shawver (ATL),0,0,0,0,0,3,0,1,57,1.41,4.67,358,304,360,0,0,0,0,0,0,0,0,1
Erik Swanson,TOR,Erik Swanson (TOR),0,0,0,0,0,3,2,11,59,1.21,3.84,360.26,305,358,0,0,0,0,0,0,0,0,1
Scott Barlow,CLE,Scott Barlow (CLE),0,0,0,0,0,3,2,13,69,1.29,3.86,360.42,264,356,0,0,0,0,0,0,0,0,1
Tyler Kinley,COL,Tyler Kinley (COL),0,0,0,0,0,3,8,9,63,1.41,4.92,352.4,272,359,0,0,0,0,0,0,0,0,1
Alex Lange,DET,Alex Lange (DET),0,0,0,0,0,3,21,6,73,1.4,3.93,186.09,92,248,0,0,0,0,0,0,0,0,1
Woo-Suk Go,SDP,Woo-Suk Go (SDP),0,0,0,0,0,2,0,1,51,1.31,3.84,360.93,349,349,0,0,0,0,0,0,0,0,1
James McArthur,KCR,James McArthur (KCR),0,0,0,0,0,3,17,8,60,1.33,4.14,328.63,235,360,0,0,0,0,0,0,0,0,1
Tommy Henry,ARI,Tommy Henry (ARI),0,0,0,0,0,3,0,1,42,1.4,4.54,360.9,343,343,0,0,0,0,0,0,0,0,1
Michael Kopech,CHW,Michael Kopech (CHW),0,0,0,0,0,3,16,8,78,1.34,4.34,313.26,177,360,0,0,0,0,0,0,0,0,1
José Leclerc,TEX,Jose Leclerc (TEX),0,0,0,0,0,3,19,6,72,1.34,4.34,181.24,114,257,0,0,0,0,0,0,0,0,1
Cody Bradford,TEX,Cody Bradford (TEX),0,0,0,0,0,3,0,1,52,1.27,4.5,360.8,340,357,0,0,0,0,0,0,0,0,1
Bowden Francis,TOR,Bowden Francis (TOR),0,0,0,0,0,3,0,1,61,1.28,4.51,355.88,255,357,0,0,0,0,0,0,0,0,1
John Brebbia,CHW,John Brebbia (CHW),0,0,0,0,0,3,2,12,68,1.27,4.24,357.55,267,360,0,0,0,0,0,0,0,0,1
Hurston Waldrep,ATL,Hurston Waldrep (ATL),0,0,0,0,0,2,0,1,27,1.39,4.24,360.97,356,356,0,0,0,0,0,0,0,0,1
Cade Horton,CHC,Cade Horton (CHC),0,0,0,0,0,1,0,0,16,1.37,4.6,360.77,338,355,0,0,0,0,0,0,0,0,1
Shelby Miller,DET,Shelby Miller (DET),0,0,0,0,0,3,1,12,62,1.37,4.31,360.49,328,358,0,0,0,0,0,0,0,0,1
Dany Jiménez,OAK,Dany Jimenez (OAK),0,0,0,0,0,3,4,13,66,1.39,4.19,360.51,290,346,0,0,0,0,0,0,0,0,1
Prelander Berroa,CHW,Prelander Berroa (CHW),0,0,0,0,0,2,0,1,39,1.35,3.93,360.96,354,354,0,0,0,0,0,0,0,0,1
Tom Cosgrove,SDP,Tom Cosgrove (SDP),0,0,0,0,0,3,0,9,53,1.36,4.16,360.97,355,355,0,0,0,0,0,0,0,0,1
Adam Ottavino,NYM,Adam Ottavino (NYM),0,0,0,0,0,3,2,12,63,1.35,4.25,360.94,351,351,0,0,0,0,0,0,0,0,1
Jordan Leasure,CHW,Jordan Leasure (CHW),0,0,0,0,0,3,7,9,64,1.37,4.38,359.52,315,359,0,0,0,0,0,0,0,0,1
Emerson Hancock,SEA,Emerson Hancock (SEA),0,0,0,0,0,5,0,1,73,1.37,4.7,360.55,302,341,0,0,0,0,0,0,0,0,1
Colin Poche,TBR,Colin Poche (TBR),0,0,0,0,0,3,1,15,65,1.31,4.21,360.72,327,356,0,0,0,0,0,0,0,0,1
Lucas Giolito,BOS,Lucas Giolito (BOS),0,0,0,0,0,0,0,0,1,1.35,4.61,349.16,180,293,0,0,0,0,0,0,0,0,1
Jackson Jobe,DET,Jackson Jobe (DET),0,0,0,0,0,0,0,0,1,1.38,4.79,360.59,302,360,0,0,0,0,0,0,0,0,1
Will Smith,KCR,Will Smith (KCR),0,0,0,0,0,3,13,8,60,1.4,4.62,255.7,159,329,0,0,0,0,0,0,0,0,1
Tyler Matzek,ATL,Tyler Matzek (ATL),0,0,0,0,0,3,0,10,60,1.43,4.4,360.93,349,349,0,0,0,0,0,0,0,0,1
Tyler Alexander,TBR,Tyler Alexander (TBR),0,0,0,0,0,3,0,1,54,1.3,4.55,360.96,354,354,0,0,0,0,0,0,0,0,1
Paul Skenes,PIT,Paul Skenes (PIT),0,0,0,0,0,0,0,0,0,0,0,268.24,175,358,0,0,0,0,0,0,0,0,1
Trevor Bauer,FA,Trevor Bauer (FA),0,0,0,0,0,0,0,0,1,1.23,4.21,360.34,335,360,0,0,0,0,0,0,0,0,1
Colin Rea,MIL,Colin Rea (MIL),0,0,0,0,0,8,0,1,120,1.31,4.55,360.55,307,352,0,0,0,0,0,0,0,0,1
Logan Allen,ARI,Logan Allen (ARI),0,0,0,0,0,1,0,1,10,1.43,4.46,360.76,318,318,0,0,0,0,0,0,0,0,1